transect,ac_erect_single,ag_articulated_calcareous,ag_corticated_foliose,ag_corticated_macrophyte,cca_crustose,cy_filamentous,hc_arborescent,hc_bushy,hc_column,hc_encrusting,hc_foliose,hc_massive,hc_table,oc_arborescent,oc_bushy,oc_cluster,oc_digitate,oc_encrusting,oc_lobate,oc_massive,sg,sp_encrusting,sp_massive,sp_repent,turf_filamentous,zo_encrusting,zo_massive
Dongsha_EastInnerAtoll_5m_T1,0,0,0,0.011422833,2.305498209,0,0,0.016462012,0.806007688,4.185258295,0.164898924,3.394877326,0.013739882,0,0.000788672,0,0.10575228,0,0.067899752,0,0,0.028060463,0,0.10478027,5.71769255,0.036528274,0
Dongsha_EastInnerAtoll_5m_T2,0,0,0.080983304,0.022844986,2.249244368,0,0.138869782,0.086245509,0.575747078,4.63564859,0.082252249,3.728227499,0.011884789,0,0.027207581,0,0.63724547,0,0.139207978,0.035365755,0,0,0,0.015842401,5.061672659,0.10069665,0.002050129
Dongsha_EastInnerAtoll_5m_T3,0,0,0.08917143,0.003251996,2.824578962,0.002106681,0,0.020600724,0.3249619,3.642134961,0.006146622,2.189844332,0,0,0,0,0.295862006,0,0.046628066,0.060018845,0,0.007362029,0,0.059041056,6.778750166,0.009798376,0
Dongsha_EastInnerAtoll_5m_T4,0,0,0.039013171,0.015166189,2.579920889,0.006877947,0,0.01864455,0.768139604,4.008650776,0.049943037,2.122820578,0,0,0,0,0.428401565,0,0.022357209,0,0,0.037963879,0,0.12953907,7.066157934,0,0
Dongsha_EastInnerAtoll_5m_T5,0,0,0.11206961,0.00175949,2.308254566,0,0,0.020417905,1.061475172,5.118774622,0.063150018,2.272081749,0.019877912,0,0,0,0.408207239,0,0.222577341,0.0076328,0,0.017421438,0,0.009293773,6.62577188,0.094685937,0
Dongsha_EastOuterAtoll_10m_T1,0.01523909,0.641726047,0.134288237,0.013886954,3.972789853,0.073197272,0,0.076602139,0,1.842655705,0.060103123,0.144812877,0.002745498,0,0.072675618,0.074573785,0.449081112,0,0,0,0,0.001226401,0,0.126804916,12.12310995,0,0
Dongsha_EastOuterAtoll_10m_T2,0.007608414,0.668035167,0.162828142,0.081437033,4.197360573,0.118403566,0.035898569,0.231077061,0.018502239,2.183134324,0.074369818,0.074178076,0,0.059382039,0.176717389,0.006583269,0.138387553,0,0,0.018441691,0,0.021534484,0,0.009748897,11.51058572,0,0
Dongsha_EastOuterAtoll_10m_T3,0.034222701,0.57398107,0.081020441,0.029113248,3.648006904,0.080305915,0,0.034203072,0,1.250653831,0.023166782,0.019224667,0,0,0.095244714,0.00912701,0.373298396,0,0.008679456,0.035720103,0,0,0,0.012404463,13.62841295,0,0
Dongsha_EastOuterAtoll_10m_T4,0.006856299,0.65316758,0.00818499,0.023912778,5.567070302,0.101505426,0,0.136979287,0.059690084,1.752537168,0.360153776,0.016651213,0.001544974,0.000996599,0.073334843,0.131363061,0.062178345,0,0.002141853,0.125618398,0,0,0,0.019665361,10.81005275,0,0
Dongsha_EastOuterAtoll_10m_T5,0.042488949,0.413605577,0.103319432,0.039827738,4.520018527,0.127864287,0,0.049104632,0,1.087586927,0.046098044,0.084849928,0,0,0,0.037412761,0.065767012,0,0,0,0,0,0,0.181354867,12.52059992,0,0
Dongsha_EastOuterAtoll_20m_T1,0.059909493,0,0,0.007312293,4.217759051,0.00351526,0.001906152,0.095532616,0,1.300027611,0.022355487,0.050306783,0.750694043,0,0.395681007,0.487141345,10.11973659,0,0.116339688,0.105598993,0,0.078979682,0.00153969,0.090091859,3.017407082,0,0
Dongsha_EastOuterAtoll_20m_T2,0.033679914,0,0.037188685,0.007467909,6.146382187,0.035432917,0.036330693,0.00174583,0.071278688,2.800962813,0.033908808,0.104678081,0.25217734,0,0.587229412,0.533198375,5.985279601,0,0.607677606,0.050066296,0,0.012836942,0.000867603,0,3.20412436,0.009468735,0
Dongsha_EastOuterAtoll_20m_T3,0.076636522,0.001230232,0.457481154,0.007184629,3.671600674,0,0,0.202228479,0,0.702856208,0.001945535,0.199415135,0,0,0.102114735,0.242256788,11.25284508,0,0.313531411,0.083257093,0,0,0,0.045711863,3.307172853,0,0
Dongsha_EastOuterAtoll_20m_T4,0,0,0.005228602,0,5.27571443,0.002579155,0.000837013,0.344623799,0.002932497,1.640982591,0.03063934,0.041396476,0.03807396,0.016204143,0.520376338,1.036239541,7.065701335,0,0.107377436,0.152657596,0,0.004078588,0,0.001297806,3.513064714,0.03509833,0
Dongsha_EastOuterAtoll_20m_T5,0.004148628,0,0,0.015376173,5.024653234,0.064934634,0,0.055713626,0.005969806,1.102818193,0,0.760933319,0.097265045,0,0.347856786,1.170795068,6.319670873,0,0.313171083,0.384254942,0,0,0.008809953,0.00464501,4.544355944,0,0
Dongsha_NorthInnerAtoll_5m_T1,0.01295634,0.002473962,0.040319251,0.014692433,4.552287961,0.005170876,0,0.032152927,0.409986927,4.147269433,0.622886893,1.044220996,0,0,0,0,0.417378522,0,0.074398944,0.013959586,0,0.070607862,0,0.069173614,5.875478753,0.026592215,0
Dongsha_NorthInnerAtoll_5m_T2,0,0,0.045165458,0,2.893366456,0.002616916,0,0.121484565,0.410412579,5.243265607,1.605527208,2.211816616,0,0,0,0.030628424,0.508077092,0,0.201820633,0.57943994,0,0,0.044331759,0.003110666,4.593203618,0,0
Dongsha_NorthInnerAtoll_5m_T3,0,0.004917745,0.009078982,0,3.376647172,0.015760655,0,0.215445189,1.542926896,4.59826524,1.396556901,0.982175279,0,0.032144931,0,0,0.961506773,0,0.070216225,0.01223576,0,0.023175284,0,0.099355624,4.258288433,0.078545392,0
Dongsha_NorthInnerAtoll_5m_T4,0,0.001691679,0,0.023570383,3.519480692,0.002602904,0,0.101979993,1.058331048,4.603057961,1.767799566,0.527393574,0.00738611,0,0.001366344,0,2.48922939,0,0.110802357,0.036330644,0,0.022408504,0,0.087638583,3.635705592,0.006865632,0
Dongsha_NorthInnerAtoll_5m_T5,0,0.015498968,0.049664464,0.013498705,4.940406699,0.003820069,0,0.124528248,1.217498572,3.168517433,1.437716457,0.31098918,0,0.006738188,0.030008768,0.00783778,2.14360595,0,0.160717652,0.012067375,0,0.030616193,0.007232379,0.148582327,4.415850613,0.05445795,0
Dongsha_NorthOuterAtoll_10m_T1,0,0,0,0.018005236,2.989947045,0.014038474,0,0.161864506,0.003650145,1.048286533,0.008916891,0.091615307,0.003477063,0,0.132448048,0.046294098,10.91779933,0,1.010127271,1.146432086,0,0.029981868,0.055150699,0.001196821,2.306085264,0,0
Dongsha_NorthOuterAtoll_10m_T2,0.009443657,0.004519093,0.019972793,0,2.322658736,0.002874249,0,0.458372211,0,0.895722217,0.018422834,0.050111114,0.011060097,0,0.014413976,0.061806305,12.86805963,0,0.975816526,0.259346347,0,0.000588892,0,0.004796998,2.146135134,0,0
Dongsha_NorthOuterAtoll_10m_T3,0.017801559,0,0,0,2.120931277,0,0.033852863,0.283951286,0.023096308,0.862720414,0.021116379,0.248471998,0.072794711,0,0.131154619,0.121473404,11.29723763,0,1.867216662,0.51158587,0,0,0,0,2.707748628,0,0
Dongsha_NorthOuterAtoll_10m_T4,0.045379906,0,0,0,3.055292454,0,0.007119188,0.0364058,0.030526259,2.187068792,0.017273004,0.117331966,0,0,0.094738833,0.098087216,9.440799484,0,0.892003412,0.258968603,0,0.018600596,0,0,3.87226973,0,0
Dongsha_NorthOuterAtoll_10m_T5,0,0,0,0,2.62819309,0,0,0.042933985,0.000810737,1.442804842,0.03912879,0.062191985,0,0,0.251495291,0.583820664,9.346886195,0,1.350525538,0.145655848,0,0,0,0,3.45679228,0,0
Dongsha_NorthOuterAtoll_20m_T1,0.07712094,0,0,0.007494441,8.534977089,0.007542591,0,0.036698825,0,0.982561715,0.029984655,0.105492923,0,0,0.121864623,0.016425455,4.176286657,0,0.151595044,0,0,0.034057648,0,0.007164264,6.129776538,0,0
Dongsha_NorthOuterAtoll_20m_T2,0.078277499,0,0.028913586,0.011740219,5.74246616,0.002691383,0,0.002426064,0,0.841818074,0.004171556,0.098582819,0,0,0.244391379,0.093292015,4.809116068,0,0.482156462,0.177821142,0,0.004482929,0,0.018379228,7.317489683,0,0
Dongsha_NorthOuterAtoll_20m_T3,0.035361948,0,0,0.005036598,4.147003885,0,0.051296817,0.002112791,0,0.394966721,0.016745027,0.042288498,0,0,0.161028805,0,3.628530343,0,0.639587807,0.29400561,0,0.066952132,0,0.028613744,10.7355588,0,0
Dongsha_NorthOuterAtoll_20m_T4,0.083902376,0,0,0.017721122,3.732671167,0.004217289,0,0,0,1.421422071,0.024720725,0.008030339,0,0,0.412211183,0.100418743,4.772899601,0,0.009255414,0.028572495,0,0.039239587,0.003393998,0.033145684,9.320047786,0,0
Dongsha_NorthOuterAtoll_20m_T5,0.006998759,0,0.024077911,0,5.041608184,0,0,0.144980026,0,0.881321509,0.012526369,0.092085289,0,0,0,0,1.002006262,0,0.089211214,0.004238773,0,0.025990142,0,0.003196924,9.691665316,0,0
Dongsha_SouthInnerAtoll_5m_T1,0,0,0.044780116,0.006335771,2.282076202,0,0,0.039490796,0.248491964,5.648250151,0.695410478,3.277282675,0.034455466,0,0,0.033546139,0.190491093,0,0.220132221,0,0,0.030603414,0,0.027491733,5.567765285,0,0
Dongsha_SouthInnerAtoll_5m_T2,0,0.034568786,0.043848909,0.030043866,2.276759649,0,0,0,0.176655629,5.468694527,1.249166505,2.997218254,0.044310864,0,0.014870666,0.116936285,0.105293017,0,0.266819125,0.011455803,0,0,0,0.008398015,5.806611261,0.016254992,0
Dongsha_SouthInnerAtoll_5m_T3,0,0.010886526,0.082086564,0.076989912,2.047378883,0.002629714,0,0.001978728,0.72327105,5.340084642,1.463370578,1.866601269,0,0,0,0.06405415,0.223657167,0,0.185624435,0.033589816,0,0,0,0,5.797176709,0,0.001190298
Dongsha_SouthInnerAtoll_5m_T4,0,0.004466752,0.012336003,0.091844907,2.301247775,0,0.027084607,0.03923214,0.657753444,5.913349457,1.357072995,2.294309705,0.086070645,0,0.137726075,0.02190806,0.258231908,0,0.135442112,0.038205577,0,0.001304589,0,0.114427876,5.284009311,0.010001922,0
Dongsha_SouthInnerAtoll_5m_T5,0,0,0.01659571,0.084245828,2.19653841,0.003426779,0,0,0.158494534,5.436300564,0.655496624,2.134031656,0,0,0.021558339,0.018139666,0.181163129,0,0.312142675,0.047939754,0,0.017218731,0,0.007042692,6.4712737,0,0
Dongsha_SouthOuterAtoll_10m_T1,0,0,0.005334086,0,2.888448042,0,0.002135681,0.620656384,0.036708579,6.973829817,0,1.406134206,1.192334097,0,0,0.035996845,0.144268706,0,0.187004459,0.277790219,0,0.025385507,0,0,3.752642988,0,0
Dongsha_SouthOuterAtoll_10m_T2,0,0,0,0,3.241079862,0.019595622,0,1.575071368,0.021942983,8.001518711,0.006791988,0.523259757,1.524478873,0,0.008857225,0,0.149455398,0,0.013106759,0.001023523,0,0.008227148,0,0.003823736,3.968942015,0.020824963,0
Dongsha_SouthOuterAtoll_10m_T3,0,0,0,0,2.932788061,0.006720831,0,1.456857912,0,7.737082065,0.052276758,0.793471558,1.077225549,0,0,0,0.047181741,0,0.40849657,0.09414508,0,0,0,0,3.712417264,0.08410156,0
Dongsha_SouthOuterAtoll_10m_T4,0,0,0,0.014275803,3.0509217,0,0.527092094,0.952578897,0.028100175,8.537970539,0.012991529,0.749734808,0.559350172,0,0.021726286,0.031682235,0.2901962,0,0,0.051091246,0,0.028251891,0,0,3.879384559,0.047781161,0
Dongsha_SouthOuterAtoll_10m_T5,0,0.027328958,0,0.002285943,3.494624607,0,0,0.60105296,0.138138543,5.963519057,0.019070275,1.124399207,0.183750782,0.004195401,0.008861287,0,2.358963626,0,0.191002017,0.424707594,0,0,0,0.005202852,4.053058559,0,0
Dongsha_SouthOuterAtoll_20m_T1,0,0,0.015012836,0,5.855702878,0.003690321,0,0.539853336,0.101166333,5.14668174,0.029621467,0.192214092,0.143673336,0,0,0,0.015961649,0,0.014436036,0.098539415,0,0.015007423,0.004638956,0.015619987,5.966798289,0.01613461,0
Dongsha_SouthOuterAtoll_20m_T2,0,0,0.030828172,0.001049741,5.595401154,0.024194453,0,0.418876981,0.054195928,5.857975812,0.041562992,0.351951814,1.442486245,0,0,0.034715177,0.095570364,0,0,0.011129496,0,0.046567556,0.003957353,0.012012753,5.342815135,0.025528764,0
Dongsha_SouthOuterAtoll_20m_T3,0,0,0.054543475,0.005351012,3.887689389,0,1.683973199,0.892378891,0.036916147,6.076608535,0.153486116,0.259459117,1.128335255,0,0.011791176,0,0.036806026,0,0.010849893,0,0,0.089665452,0,0,5.158936341,0,0
Dongsha_SouthOuterAtoll_20m_T4,0,0,0,0,5.497307217,0.007549545,0,0.371726217,0.102104562,5.292520463,0,0.164684049,0.38410032,0,0.038622577,0,0.15712727,0,0,0.036424288,0,0.024242843,0,0.033140879,6.469266797,0.03459205,0
Dongsha_SouthOuterAtoll_20m_T5,0.005387883,0,0,0,8.057099088,0,0,0.363132598,0.192905069,4.787435399,0.010409925,0.139078852,0.095295379,0,0.039511537,0.005521014,0.007520826,0,0,0,0,0.007304939,0.005407572,0.006769646,6.205232351,0.033939566,0
Dongsha_SouthwestOuterAtoll_10m_T1,0.001636653,0,0,0,4.088220682,0,0.149774546,1.141273409,0.028266018,4.332788453,0.030659375,0.208812966,4.067195234,0,0,0,0.040809514,0,0,0.008197335,0,0,0,0,4.076020675,0.009562249,0.007935371
Dongsha_SouthwestOuterAtoll_10m_T2,0.002501416,0,0,0,3.292935731,0,0.161670311,0.867288428,0.102887744,5.592694268,0.005883226,0.158979502,4.621864214,0,0,0.007367028,0.086314829,0,0,0,0,0,0,0,3.174154935,0.035057324,0.005159273
Dongsha_SouthwestOuterAtoll_10m_T3,0,0,0,0,3.45240817,0.00932518,0.208179087,0.770725408,0.14626875,6.804574254,0.060302608,0.388303433,2.40617499,0.008493903,0.044366107,0.006274993,0.252805703,0,0,0,0.006149796,0.02786039,0,0.031317576,3.667008287,0.011490983,0
Dongsha_SouthwestOuterAtoll_10m_T4,0,0,0.009323613,0,3.753581872,0,0,1.633359783,0.054644679,7.199331266,0.03469713,0.194280043,2.446610068,0,0.101874048,0.068198145,0.601979606,0,0.025497752,0.038329117,0,0.008309531,0,0.041023898,3.271977371,0.051571223,0
Dongsha_SouthwestOuterAtoll_10m_T5,0,0,0,0.003173415,3.856914642,0.004871589,0,2.643139534,0.030123702,4.46079771,0.070115739,0.342736456,3.665378438,0,0.001492014,0,0.13150105,0,0.027323933,0.033534335,0,0.003901598,0,0,3.82545276,0,0
Dongsha_SouthwestOuterAtoll_20m_T1,0.083048996,0,0,0.005512297,10.01471854,0.008163576,0,0.036755432,0,2.840523875,0.001870101,0.146867548,0.03632221,0,0.013884377,0,0,0,0.00133924,0,0,0,0,0,6.057170889,0,0
Dongsha_SouthwestOuterAtoll_20m_T2,0,0,0,0,5.917007306,0.034480386,0,0.25199815,0.008878126,4.809122617,0,0.107685538,0.730337658,0,0.035543795,0,0.036765057,0,0,0,0,0,0.009613712,0.003187769,5.061247678,0,0
Dongsha_SouthwestOuterAtoll_20m_T3,0,0,0,0,5.489666198,0,0,0.084746945,0.050785411,4.650809982,0.012699162,0.122024792,0.059766621,0,0,0,0,0,0.004779936,0,0,0,0,0,7.077485576,0,0
Dongsha_SouthwestOuterAtoll_20m_T4,0,0,0,0,5.453581548,0.002773918,0.030225202,0.184622917,0.046078849,5.278067617,0.003699133,0.1801535,0.289541541,0,0,0,0,0,0,0,0,0.001699302,0,0,6.745552422,0,0
Dongsha_WestInnerAtoll_5m_T1,0,0,0,0,6.179182219,0.054385783,0,0,0.053820919,0.465491039,0,0.036161533,0,0,0,0.023426084,0.071535514,0,0,0,0,0.001855557,0,0.040358835,9.209541738,0,0
Dongsha_WestInnerAtoll_5m_T2,0.007082726,0,0.009307208,0.003104554,7.769709711,0.004918429,0,0,0.049616133,0.639121715,0,0.014335513,0,0,0,0.006044887,0,0,0,0,0,0.000656262,0,0.025444786,6.686031093,0.013359012,0
Dongsha_WestInnerAtoll_5m_T3,0.001883855,0,0,0,9.174853093,0,0,0,0.036835397,0.553284541,0.005726447,0.0641277,0.023023913,0,0.000804208,0,0.032698936,0,0,0,0,0.001756117,0,0.004298339,6.988095233,0,0
Dongsha_WestInnerAtoll_5m_T4,0,0,0.033095419,0,6.026363492,0.013182409,0,0,0,1.94247165,0.143377214,0.154032355,0,0,0,0,0.036793558,0,0,0,0,0.001976098,0,0.038803509,7.808246504,0,0
Dongsha_WestInnerAtoll_5m_T5,0,0,0.038768517,0,9.167148544,0.016408093,0,0,0.017210512,1.099950027,0.036371133,0.692445571,0,0,0.010913534,0.00669341,0.054211977,0,0.003889386,0,0,0.003324736,0,0.009403371,5.956471548,0,0
East_Fenniaolin_5m_T1,0,0.034474394,0.453649797,0.011885943,1.156245095,0,0,0,0,0.145674797,0,0.009448304,0,0,0,0,0,0,0,0,0,0,0,0.018068277,11.26530515,0,0
East_Fenniaolin_5m_T2,0,0.164009574,2.813991288,0.030191587,1.582584489,0,0,0,0,0.226502449,0,0,0,0,0,0,0,0,0,0,0,0,0,0.066451389,13.17875787,0,0
East_Fenniaolin_5m_T3,0,0.053078816,0.44058665,0.001594408,2.608287429,0.019817683,0,0.09752326,0,0.417581123,0,0,0.007476474,0.002579479,0,0,0.068663353,0,0.103412835,0.003103754,0,0,0,0.149166654,16.36823744,0,0
East_Fenniaolin_5m_T4,0,0.064342037,0.022454025,0.00351342,2.392639451,0.047579952,0,0.185752155,0.001085261,2.451594827,0.012908506,0.226683014,0.080653444,0.008962693,0.088593642,0.466028198,1.391847812,0,0.540581068,0.031615581,0,0.006010335,0,0.179686807,10.34128835,0,0
East_Fenniaolin_5m_T5,0,0.035148898,0.045237854,0,2.672708594,0.039563921,0.006964261,1.392041359,0.023721191,3.511148649,0.379765828,0.105598591,0.019010204,0,0.017781844,0.005614746,3.979206668,0,0.644525052,0,0,0.043914759,0,0.294750042,6.660031133,0,0
East_Jiamuziwan_5m_T1,0,0.152550133,0.080011137,0.038454467,4.662360986,0,0.226543642,0.434499277,0.012852541,4.614161653,0.047064557,0.048212434,0,0.102040775,0.008989909,0,1.45157918,0,0.036545017,0,0,0,0,0.060971166,6.651907476,0.035667406,0
East_Jiamuziwan_5m_T2,0,0.160520146,0.030258485,0.038736858,5.209788032,0,0.495344528,0.495487826,0.177277845,2.938177976,0.063825972,0.087862621,0.113455186,0.046469228,0,0.0035185,1.29776036,0,0.020913183,0,0,0.006612273,0,0.142080732,7.965099958,0,0
East_Jiamuziwan_5m_T3,0,0.121424774,0.007177853,0.014770067,5.249241386,0.00071199,0.203943181,0.543668319,0.041543114,4.599682198,0.154922979,0.170418611,0.013401709,0.108250525,0.001538209,0,0.921228002,0,0,0,0,0.009126071,0,0.073112943,5.993672247,0,0
East_Jiamuziwan_5m_T4,0,0.733591279,0.017799044,0.004126718,5.139590823,0,0.133289381,0.2917854,0.06102456,4.711159072,0.12505072,0.301197508,0.014003301,0.017305008,0,0,0.887827785,0,0.018449156,0.002039621,0,0,0,0.133814487,4.585871553,0,0
East_Jiamuziwan_5m_T5,0,0.334994967,0,0.035488813,4.929167705,0.026518259,0.428583706,2.178691454,0.292369631,4.436338154,0.09625546,0.059138175,0.030525918,0.261811816,0,0,1.875938778,0,0.041986071,0,0,0,0.013306742,0.133562602,4.427886966,0,0
East_Jihui_15m_T1,0,0.068463985,0.471544967,0.015220646,3.398939005,0.002519355,0,0,0,1.028219282,0.013613693,0.106886437,0,0,0,0,0.085156286,0,0.167760409,0,0,0,0,0.028045091,5.745020676,0,0
East_Jihui_15m_T2,0,0.073271268,0.241269204,0.003668576,2.48658661,0,0,0,0.165474501,1.527413795,0,0.145420921,0,0,0,0.009499641,0.006754972,0,0,0,0,0.013515444,0,0.011401438,5.124833107,0,0
East_Jihui_15m_T3,0,0.131795333,0.179917529,0.017025991,2.704758424,0.011988283,0,0,0.111795688,1.087607485,0.018062205,0.173097056,0.034941748,0,0.022271816,0,0.072851711,0,0,0,0,0.00261836,0,0,5.316969789,0,0
East_Jihui_15m_T4,0,0.083732949,0.131878099,0,3.093813908,0.00802438,0,0.018075371,1.195321163,1.40117643,0.034292113,0.17144171,0.033904699,0,0.037586725,0,0.061795052,0,0.063395866,0.006081501,0,0.001951505,0,0.015003481,6.771413403,0,0
East_Jihui_15m_T5,0,0.120949155,0.400555413,0.013291691,3.402887165,0.050222432,0,0.035893297,0.186974399,2.741569989,0.028584302,0.324582212,0,0,0.064534831,0.021334221,0.029580962,0.011730065,0.007982739,0.016401158,0,0,0,0,7.043167224,0,0
East_Jihui_5m_T1,0,0.03493361,0.060008338,0.002570809,1.494673752,0.02717162,0,0.107642564,0,3.869290575,0.088323565,1.986902619,0.134465213,0,0,0,0.841481351,0,0.083001395,0.035920283,0,0.001388692,0,0.072301502,6.232842926,0,0
East_Jihui_5m_T2,0,0.006805319,0.088235231,0.035786092,1.972240213,0.020461898,0.210411588,0.721433379,0.035796891,5.087886109,0.204693236,0.76732711,0.081057883,0.038951931,0.009584572,0,0.743796317,0,0.090012381,0,0,0,0,0.209921044,7.139830549,0,0
East_Jihui_5m_T3,0,0.082973425,0.043948724,0.052542326,1.770008094,0,0.087462916,0.424655513,0.177754875,2.464368758,0.123878236,0.439370279,0.051286048,0.034125722,0,0,0.295284573,0,0.24182736,0.189432485,0,0.006420669,0,0.14452635,8.91266147,0.009164413,0
East_Jihui_5m_T4,0,0,0.064596075,0.013500315,2.023656706,0.000924232,0.202585563,0.798812291,0.188541174,3.919408084,0.127017556,0.349986101,0.041333633,0.025274838,0.000646575,0,0.703147472,0,0.00841977,0,0,0.007446712,0,0.12362345,7.379705378,0,0
East_Jihui_5m_T5,0,0.036363679,0.310886634,0.03466993,2.009167582,0.03115246,0,0.308366427,0.105834593,2.632316163,0.220215567,0.217435594,0.063005592,0.00087878,0.014158623,0.025912621,0.6363602,0,0.095216939,0,0,0.00074335,0,0.177204524,8.877380791,0,0
East_Jiqi_5m_T1,0,0.161111734,0.04449713,0.061407752,1.859979382,0,0,0.037329068,0,2.550387937,0,0,0,0,0,0,0,0,0,0,0,0,0,0.067397856,14.23596983,0.000834351,0
East_Jiqi_5m_T2,0,0.246874109,0.033391877,0.21030686,2.5540256,0.034523395,0,0.250344076,0.017224683,2.86582617,0,0.332769179,0,0,0,0,0.190434887,0,0.01605881,0,0,0,0,0.050677424,11.71780217,0.041031013,0
East_Jiqi_5m_T3,0,0.02358505,0.086349074,0.122197435,1.646045105,0.003149853,0,0.217326235,0.081868002,1.645898036,0,0.01046325,0,0,0,0,0,0,0.030620715,0,0,0,0,0.047885829,13.39898144,0,0
East_Jiqi_5m_T4,0,0.235013534,0.06955618,0.116605325,2.534390993,0,0,0.78050947,0.008740331,2.994562216,0,0.0419987,0,0,0,0,0.007722931,0,0,0,0,0.006134307,0,0.030849695,11.597195,0.044066616,0.006015317
East_Jiqi_5m_T5,0,0.247998992,0,0.149676859,3.210014426,0,0,0.126579523,0,1.882158132,0,0.041360183,0,0,0,0,0.020091327,0,0,0,0,0,0,0.001508912,11.94682882,0.040688793,0
East_Shitiping_10m_T1,0,0.127670134,0.180851434,0.038616418,5.0338741,0.017421984,0,0.105293364,0.033483793,3.066334972,0.074383958,0.065425445,0.157737225,0,0.092450386,0.043650894,4.934043181,0,0.782647696,0.363216012,0,0.018508163,0,0.003163066,4.672348572,0,0
East_Shitiping_10m_T2,0,0.127516149,0.041730672,0.002528355,3.106351331,0.007279746,0,0.058730699,0,2.833923544,0.223652297,0.169299058,0.087653015,0,0.054219019,0.027635278,2.804238647,0,1.34331006,0.326565588,0,0.006857053,0,0.033082521,4.876375076,0.036280974,0
East_Shitiping_10m_T3,0,0.254057294,0.045470904,0.083395096,3.451339573,0.036562134,0,0.063491262,0.073229449,3.223321383,0.057098023,0.270761318,0.218839307,0,0.007644806,0,3.989841996,0,0.754655149,0.113510077,0,0.035915601,0.036691298,0.088721226,5.900600557,0,0
East_Shitiping_10m_T4,0,0.14883218,0.135152719,0.054211489,2.729016211,0.063327579,0,0.186485416,0.075297804,4.225878199,0.062608058,0.102237504,0.186269521,0.024515909,0.016786661,0.037940292,2.373947804,0,0.687598646,0.178463426,0,0,0,0.009167871,7.544497586,0.016309739,0.006750265
East_Shitiping_10m_T5,0,0.007928183,0.055944151,0.027551248,1.934820723,0,0,0.155892326,0.023927264,2.626653977,0.030834339,0.41170932,0.14555755,0,0.009628834,0.030648695,2.145801154,0,6.072671542,0.741200485,0,0.023346458,0,0.017831132,4.59832691,0,0
East_Shitiping_5m_T1,0,0.20947796,0.102723519,0.040471597,4.576486423,0,0,0.331125009,0.128419344,5.5248755,0.02168285,0.177832114,0.013767021,0,0,0,1.061402513,0,0,0,0,0,0,0.067244275,6.592383374,0.065889645,0
East_Shitiping_5m_T2,0,0.072840437,0.045798629,0.050338191,4.142742467,0.024215728,0,0.727973282,0.051564187,2.534745832,0.046690044,0.110822144,0.070713036,0,0,0,0.457302379,0,0.006209622,0,0,0,0,0,10.46064076,0,0
East_Shitiping_5m_T3,0,0.039263248,0,0,3.550219439,0.031911445,0,0.369646098,0.025430226,4.742103999,0.573858715,0.843538642,0.016262669,0,0.068120991,0.036738062,2.231966089,0,0.021762815,0,0,0.004367309,0,0.013722887,7.2465188,0.209032167,0.020565979
East_Shitiping_5m_T4,0,0.079776681,0.045367318,0.062485854,3.408077723,0.02724214,0,0.376213786,0.026454346,3.334676455,0.095754101,0.05496932,0.150191524,0,0.007032679,0.04898472,4.955396161,0,0.417776132,0.359263516,0,0.033988159,0,0.103248553,6.148791443,0.056740509,0.007286747
East_Shitiping_5m_T5,0,0.163080568,0,0.012624693,3.294085182,0,0,0.157210338,0.068189067,3.879855446,0.08107995,0.227177613,0.029758094,0,0.008351488,0,6.798463062,0,0.359600501,0.209905814,0,0.000812955,0,0.027373132,4.12955011,0.057733356,0
East_Shiyusan_5m_T1,0,0.619096263,0.006749669,0.48215014,9.274107027,0,0,0.036745958,0.003014163,1.222406652,0,0.005785602,0,0,0,0,0.024698642,0.009901731,0,0,0,0.077724593,0.029960624,0.174430679,8.709337742,0,0
East_Shiyusan_5m_T2,0,0.131757099,0,0.11475666,7.043478302,0,0,0.012046931,0,2.342093029,0.020592359,0.03646002,0.04138463,0,0.001832744,0.034615539,0.086025442,0,0,0,0,0.034628107,0,0.151975335,8.772107297,0,0
East_Shiyusan_5m_T3,0,0.229587615,0,0.151356169,8.749765963,0.004627017,0,0.033305982,0,1.976166861,0.06756535,0.006023592,0,0,0.001191258,0.036813741,0.100712158,0,0,0,0,0.05773439,0.005121081,0.080233366,8.811682082,0,0
East_Shiyusan_5m_T4,0,0.218183398,0.008621767,0.095545227,8.501563397,0.001852352,0,0.009391701,0.014068854,1.150676742,0.013885051,0.02772381,0.004378039,0,0,0,0.007846151,0,0,0,0,0.145377111,0.005741579,0.09992731,9.688213683,0,0
East_Shiyusan_5m_T5,0,0.059155706,0,0.123455934,8.50057208,0,0,0,0,1.79989556,0,0.05454346,0,0,0,0,0,0,0,0,0,0.061350585,0,0.000787923,9.902633307,0,0
East_Xiaoyeliu_10m_T1,0,0.459694171,0.294519621,0.150496443,7.169196944,0,0,0.02994239,0.088734029,1.596345428,0,0.003083518,0.00667851,0,0,0,0.218910467,0,0,0,0,0.029897664,0,0.112151215,9.519637307,0.031046797,0
East_Xiaoyeliu_10m_T2,0,0.40828218,0.313775004,0.051487376,5.858921156,0.068139026,0,0.091170164,0.001214503,1.063075332,0,0.006695942,0,0,0.004829208,0,0.750156727,0,0.006136024,0,0,0,0,0.120113902,10.58241034,0,0
East_Xiaoyeliu_10m_T3,0,0.513977927,0.024604994,0.114478174,7.904840363,0,0,0.094238051,0,1.936353507,0,0.007932392,0,0,0.023466607,0,0.926439696,0,0.216731473,0,0,0,0,0.255529577,7.647173474,0.027788875,0
East_Xiaoyeliu_10m_T4,0,0.559288576,0.011129441,0.133210798,9.659546066,0.006688525,0,0,0,1.92279975,0,0.116989992,0,0,0.000738374,0,0.726771675,0,0,0,0,0,0,0.035120365,6.460153202,0.042351787,0.009105428
East_Xiaoyeliu_10m_T5,0,0.369003895,0.051654459,0.274619076,8.46986558,0,0,0.060139861,0,1.413284539,0,0.103347773,0,0,0.004736268,0,0.643989939,0,0.03645987,0,0,0.099986446,0,0.07261675,7.718960463,0.025961943,0
East_Xiaoyeliu_5m_T1,0,0.187043438,0.076002182,0.064532164,5.620219764,0,0.02064654,0.197675474,0.008720151,3.504837318,0.074279812,0.141414754,0.085888935,0.02606629,0.017512925,0,1.52805745,0,0,0,0,0.046897858,0,0.041331161,8.012555099,0.019403352,0
East_Xiaoyeliu_5m_T2,0,0.28560398,0.091595478,0.044262002,5.752662261,0,0,0.009590723,0,1.285789564,0.008534471,0.047680344,0.064165684,0,0,0,0,0,0.036558885,0,0,0.037788558,0,0.070482606,10.32191547,0,0
East_Xiaoyeliu_5m_T3,0,0.162164677,0.039173168,0.047792162,4.406367542,0,0,0.26071429,0.05450276,2.021152897,0,0.029694157,0.096678258,0,0.027071588,0,0.224981111,0,0.037399802,0.012539875,0,0.046062543,0,0.050296331,11.03998429,0,0
East_Xiaoyeliu_5m_T4,0,0.187553753,0.073004275,0.137155046,4.265396229,0,0,0,0,2.15513766,0.007470321,0.105997835,0.028384084,0,0,0,0,0,0,0,0,0.006044307,0,0.006662727,9.244984821,0.046467979,0
East_Xiaoyeliu_5m_T5,0,0.180268271,0.031776769,0.116887281,5.134193292,0,0,0.030810269,0,2.292298713,0,0.189600231,0.259893565,0,0,0,0.361909155,0,0.036680835,0,0,0.002794147,0,0.01118172,8.415471061,0.040153859,0.0161424
East_Xinshe_5m_T1,0,0.131593765,0.06928762,0.109608096,2.214003508,0,0,0,0,0.265539286,0,0.01598945,0,0,0,0,0,0,0,0,0,0,0,0.069744625,12.21930348,0,0
East_Xinshe_5m_T2,0,0.493446487,0.036128616,0.173449292,4.109494629,0,0,0,0,0.399707931,0,0,0,0,0.030100915,0,0.344682465,0,0,0,0,0,0,0.106222456,13.72076836,0,0
East_Xinshe_5m_T3,0,1.037567662,0.217502173,0.423001845,3.895229245,0,0,0.06049393,0,0.306304665,0,0,0.008673011,0,0,0,0,0,0,0,0.123863257,0,0,0.485635528,12.73188491,0,0
East_Xinshe_5m_T4,0,0.16272472,0.010388157,0.188172817,2.533608983,0,0,0.002638948,0,0.407863167,0,0,0,0,0,0.02266736,0.447805768,0,0,0,0,0.000668191,0,0.113659281,15.7598509,0.006268245,0
East_Xinshe_5m_T5,0,0.624175597,0.008042983,0.423451414,3.650133056,0,0,0.057850417,0,0.681424077,0,0,0,0,0.007423343,0,0.679207486,0,0,0,0,0.018842672,0,0.147589659,13.12923131,0.069845317,0
GreenIsland_Chaikou_10m_T1,0.013425231,0,0.169508182,0.024776914,2.877356677,0,0,0.073553813,0.127452425,4.406176816,0.437077582,0.12129379,0,0,0.287833024,0.225988629,0.269960735,0,0.007991346,0,0,0,0.016182808,0,9.533286737,0,0
GreenIsland_Chaikou_10m_T2,0.001238793,0.004087995,0.247468242,0.015709062,4.292725579,0.011298261,0,0.149419921,0.021792198,5.943368732,0.100774351,0.03800961,0,0,0.35981621,0.169252303,0.148892666,0,0,0.010187947,0,0.036279415,0.025165358,0,7.384831466,0,0
GreenIsland_Chaikou_10m_T3,0.003067497,0.075909494,0.746452771,0.122115199,3.592019069,0.000862355,0,0.229592988,0,5.532491227,0.293006838,0.098039663,0.189004431,0,0.369652097,0.088009421,0.12135161,0,0,0.040948538,0,0.002455164,0.009494849,0.029188614,8.872794381,0,0
GreenIsland_Chaikou_10m_T4,0.012385808,0.272772397,0.54719058,0.202101026,4.158178417,0,0,0.077011632,0.002362144,3.268346396,0.142812632,0.097265494,0,0.008005389,0.222692395,0.077090258,0.115730109,0.006361346,0.013468013,0.027607558,0,0,0.036691012,0.013333959,11.13386374,0,0
GreenIsland_Chaikou_10m_T5,0.041491128,0.172729981,1.265875305,0.130485252,3.526951023,0.004027461,0,0.39165313,0,2.475152008,0.061849303,0.048854708,0.061884154,0,0.44729787,0.111750758,0.119822118,0,0.005959334,0,0,0.043549515,0.047674617,0.053492842,11.43699196,0,0
GreenIsland_Dabaisha_10m_T1,0,0.023503349,0.001137109,0.326037683,1.428519429,0,3.911091061,0.441743037,0.037351601,1.617640054,0.210497206,0.076266662,0.286267422,0.083943806,4.212640215,3.377770256,0.038144409,0.012923053,0,0.028490722,0,0.060047612,0.012232152,0,4.482119909,0,0
GreenIsland_Dabaisha_10m_T2,0,0.037480676,0,0.006281518,1.683741842,0,0.848611164,0.744217592,0.031693345,3.16582952,0.004463073,0.55810994,0.22588827,0.12681341,4.82145619,2.363666449,0.008092655,0.036513163,0,0.007370589,0,0.033353547,0.095964144,0.036191419,5.577021437,0,0
GreenIsland_Dabaisha_10m_T3,0,0.002833755,0,0.003633843,1.448574334,0,0.058516638,0.430198524,0.030313824,1.59236295,0,0.177082519,1.010254837,0.215923403,7.515405304,3.152761806,0,0,0,0,0,0.001934865,0.034216092,0,4.906803588,0,0
GreenIsland_Dabaisha_10m_T4,0,0,0.003888713,0,1.564730614,0,1.617629539,0.65200637,0.054326795,2.089302967,0.004358566,0.04967813,1.180406494,0.270106318,6.148652019,4.215439865,0.020091191,0.003150638,0,0.012709882,0,0,0.105322554,0.004551512,2.822588471,0,0
GreenIsland_Dabaisha_10m_T5,0,0.039996472,0,0.001463915,1.870744996,0,0.335583078,0.07354352,0.02994213,3.747547471,0,0.316644316,0.157827618,0.221493749,5.206688736,1.842862953,0.005707205,0.145061559,0,0.003107937,0,0,0,0.029696818,6.319321769,0,0
GreenIsland_Dabaisha_40m_T1,0,0.002929674,0.179926648,0,4.446128945,0,0,0.829486733,0,0.358250976,0.013538352,0.006261605,0,0.000754684,0.487364725,0.193804026,0,0.021870761,0.01159478,0,0,0.157541043,0.377263322,0,12.43522226,0,0
GreenIsland_Dabaisha_40m_T2,0.0038829,0,0.15814526,0,5.269146559,0,0,0.755706301,0,0.786549427,0,0.009620141,0,0.019444263,0.375555162,0.026281017,0,0.003431741,0,0,0,0.225823628,0.156300649,0,12.41366185,0,0
GreenIsland_Dabaisha_40m_T3,0,0,0.11947208,0,3.92917794,0,0,2.879179972,0,0.557907925,0,0.176304399,0.017278462,0.001628077,3.45081257,0.056190397,0,0.022940085,0.035857784,0,0,0.151457833,0.017078559,0,8.97316719,0,0
GreenIsland_Dabaisha_40m_T4,0,0,0,0,2.972457103,0,0,1.391625045,0,2.451290725,0.085604954,0.123161781,0.045300764,0.054702084,2.068693659,1.057253416,0,0.520590017,0,0,0,0.042731291,1.145369241,0.013300782,8.155165139,0,0
GreenIsland_Dabaisha_40m_T5,0,0,0,0,4.232790344,0,0,0.726077699,0.010303754,1.192145229,0.059529128,0.006996765,0.076118012,0,3.200599331,0.308512969,0,0.064390792,0,0,0,0.078423832,0.535124337,0,9.401075517,0,0
GreenIsland_Gongguan_10m_T1,0,0.02378408,0.12419007,0.015110214,3.734767991,0.013632605,0,0.961504411,0.087446074,4.168383558,0.046648125,0.872174628,0.160759451,0.030466252,0.109015363,0.03661692,0.598503109,0.005702528,0.059870367,0,0,0.084486385,0.016726051,0.068000061,8.862749841,0.016318024,0
GreenIsland_Gongguan_10m_T2,0.006769245,0.017964943,0.003683229,0.038654324,3.281351985,0.044003477,0,0.79765739,0.005997991,3.737434888,0.036975468,0.669388023,0.436318291,0,0.350859893,0.390430107,0.525064664,0.01672152,0.027590855,0.100812027,0,0.064504445,0.026749459,0.07442805,8.692061544,0,0
GreenIsland_Gongguan_10m_T3,0,0.058123433,0.050094892,0.000977898,3.06232244,0.034794417,0,0.230097083,0.03746613,3.589642983,0.037350484,0.689681574,0.071411841,0,0.096280813,0.218049423,0.754706486,0.016535399,0.139044423,0.031648725,0,0.056817902,0.057158445,0.021809559,8.818917241,0.015678989,0
GreenIsland_Gongguan_10m_T4,0,0.019078708,0.114022315,0.025047997,4.028751772,0.033279297,0,0.297181789,0.01493163,4.814632282,0.013345899,0.932504549,0.620602078,0,0.136109704,0.119390162,0.510450599,0.029888661,0.035012622,0.039923769,0,0.035466542,0.00571943,0,7.021584985,0,0
GreenIsland_Gongguan_10m_T5,0,0.003434629,0.152219954,0.003766543,3.965803962,0,0.085457246,0.760184302,0,3.793411692,0.034333253,0.235767985,0.688932326,0,0.253002345,0.311570647,0.782614502,0.021946954,0.015644713,0.031216751,0,0.066725312,0.018472426,0.040287536,6.927757899,0.005790484,0
GreenIsland_Guiwan_10m_T1,0,0,0.038274739,0.044419088,1.52228292,0,0.087156856,0.636981012,0.004188104,4.449671448,0.205401961,0.706708153,1.570477486,0,4.670498741,1.230607416,0,0.014725681,0.001083953,0,0,0,0,0.020203251,4.432477745,0,0
GreenIsland_Guiwan_10m_T2,0,0,0,0.013200762,1.470968219,0,0.522312682,1.470363804,0.067885918,2.65649163,0.025646912,0.495358132,1.094740472,0.039257135,5.142591472,3.407509581,0,0.018529319,0.001590333,0.189592096,0,0,0.000909204,0,4.172350006,0,0
GreenIsland_Guiwan_10m_T3,0,0,0,0,1.581949419,0,0.757684539,1.031701179,0.116154866,3.320947934,0.019811587,0.321451234,2.126959234,0.004182255,4.754088712,2.779629593,0,0.039165913,0,0,0,0,0,0,3.775759492,0,0
GreenIsland_Guiwan_10m_T4,0,0,0,0,1.49356133,0,0.527718092,0.855454579,0.093704287,2.363626062,0,0.636443745,3.479925226,0.167424271,4.556571756,1.80598055,0,0.026385428,0,0,0,0,0,0,4.541479728,0,0
GreenIsland_Guiwan_10m_T5,0,0,0,0,1.401886238,0,0.409978827,0.650074886,0.109969556,2.204635815,0.048416231,0.601675784,2.757399162,0.007015268,4.45706564,3.342200506,0.00268656,0.008414471,0,0,0,0,0,0,3.414749418,0,0
GreenIsland_Guiwan_40m_T1,0,0.017142768,0.001501984,0,2.405996295,0,0,0.125570063,0.012731637,2.305716364,0.135053855,0.150009875,0.071129555,0,2.301826246,0.754142167,0.031831868,0.703040578,0,0.022968423,0,0.184826656,0.807537722,0.031980189,8.942449773,0,0
GreenIsland_Guiwan_40m_T2,0,0.003218038,0.001909376,0,3.567642995,0,0,0.64344893,0,0.802759995,0.013284978,0.043145722,0.060464512,0,5.263887027,0.102053489,0,0.027046841,0,0,0,0.273314651,0.620027564,0,7.46639276,0,0
GreenIsland_Guiwan_40m_T3,0,0,0.018095698,0.00754533,3.500455687,0,0,0.153454032,0.017551428,2.094963293,0.102487639,0.110732746,0.024023347,0.020031793,2.356470125,0.883433504,0,0.234979037,0,0,0,0.094850287,0.587790269,0.02764523,8.127236808,0,0
GreenIsland_Guiwan_40m_T4,0.036637341,0,0.031490288,0,4.862964894,0,0,0.396345613,0.003869912,2.844445147,0.352397088,0.415217481,0.044164988,0,2.054906158,0.893814358,0.029356296,0.339387699,0.099483339,0.017965692,0,0.220082559,0.156027929,0,6.68688419,0,0
GreenIsland_Guiwan_40m_T5,0.005962666,0.00735498,0.114854978,0.020970028,4.775560569,0,0,0.238702532,0,1.153702475,0.136251154,0.063525114,0,0.011090729,2.293240329,0.691312409,0.003472442,0.168197432,0.013203351,0,0,0.247839076,0.305994357,0.034229826,8.34460406,0,0
GreenIsland_Shilang_10m_T1,0.020248068,0.03108645,0,0,2.682662711,0,0,0.053809718,0.283940994,2.154690146,0.049377699,0.482236935,0.03962111,0.017333874,4.448076177,3.72313558,0,0.259906638,0,0,0,0.047696781,0.081466955,0,5.400647823,0,0
GreenIsland_Shilang_10m_T2,0.025893199,0.028943146,0.042408848,0.012946613,2.724251318,0.011358638,0,0.115832803,0.1781959,2.378409793,0.096644954,0.229840091,0.099185751,0,3.668676228,3.270047894,0.014200137,0.162659531,0,0.062840769,0,0.05328073,0.268709284,0.025476496,5.361415197,0,0
GreenIsland_Shilang_10m_T3,0,0.007356913,0.030738436,0,2.430457095,0,0.513428005,0.157655207,0.31905415,3.581451326,0.084665831,1.124223422,1.281032201,0,2.364214574,3.708397072,0.111227724,0.200733273,0,0.028888677,0,0.020800885,0.116050707,0.076896385,4.020388101,0,0
GreenIsland_Shilang_10m_T4,0,0.047816534,0,0.035878771,3.392656929,0.013758347,0,0.363806676,0.10806252,2.720450521,0.240063733,0.718060273,0.221634812,0,2.747974399,2.022365461,0.02326824,0.456434238,0,0.012029895,0,0.069307285,0.018772334,0.035151224,6.012814542,0,0
GreenIsland_Shilang_10m_T5,0,0.019994475,0.034083889,0,3.244214905,0,0,0.291881799,0.205641281,1.954798177,0.012395451,1.311198849,0.035078988,0,4.116560897,3.515884484,0.032554743,0.202449377,0,0.061585387,0,0,0.093478105,0.032676361,4.611691711,0,0
GreenIsland_Shilang_40m_T1,0,0,0.043222831,0,5.560912243,0,0,0.004432841,0,0.637687086,0.040879659,0.012686203,0,0,0.187947999,0.041679293,0,0.045851589,0.006068677,0,0,0.575686448,1.855995905,0.002437649,8.637495656,0,0
GreenIsland_Shilang_40m_T2,0,0.043025688,0.00119741,0,3.208169898,0,0,0.021576883,0,0.720691294,0.012557106,0.036768953,0,0,0.381142388,0.062158537,0,0.132229635,0,0,0,0.078934731,2.919205883,0.034247844,7.912948517,0,0
GreenIsland_Shilang_40m_T3,0.004046347,0.034431315,0.034032867,0.050659721,4.13872074,0,0,0.008339037,0.009208499,2.043105562,0,0.084019863,0,0,0.185016379,0.049242423,0,0.039125902,0.007090205,0.138862598,0,0.099835876,0.928972532,0,8.994551139,0,0
GreenIsland_Shilang_40m_T4,0,0.070841301,0.105135382,0,5.354525504,0,0,0.365345566,0,2.113268988,0.293834445,0.505576534,0,0,0.465024586,0.359880815,0.012714081,0.085597525,0.015766503,0,0,0.623510092,1.04610794,0,6.60444345,0,0
GreenIsland_Shilang_40m_T5,0.020943324,0.053156619,0.002786702,0,6.205463441,0,0,0.26074718,0,3.930032936,0.13358317,0.071766892,0.036486915,0,0.36262704,0.100661482,0.001514026,0.015355209,0.046532503,0.10985683,0,0.179716411,0.825753288,0,6.957364461,0,0
Kenting_Hongchaikeng_10m_T1,0,0.097265393,0.011628235,0.015804968,2.07440853,0.042573861,0,0.570942256,0.020602062,2.215109629,0.093692844,0.136014004,0.417959376,0,0,0,0.104727284,0,0.006258666,0.011202342,0,0.004747033,0,0,10.2157488,0,0
Kenting_Hongchaikeng_10m_T2,0,0,0.039942983,0.004528256,1.039850016,0.024915136,0.022965529,0.124102541,0,1.017533754,0.007275612,0.329566506,0.035660423,0,0.065489367,0.032547196,0.216139769,0,0.001628473,0.027965191,0,0.084407224,0.001790087,0.020460994,4.013967547,0,0
Kenting_Hongchaikeng_10m_T4,0,0.200123877,0,0.004573769,1.987040515,0.007635125,0.077758642,0.698305901,0.055576768,2.04581009,0.032389162,0.346001916,0.391653941,0,0.005428518,0,0.043923922,0,0.077731339,0,0,0.074608012,0,0.001356378,9.807758785,0,0
Kenting_Hongchaikeng_10m_T5,0,0.038092639,0.041071251,0.011143023,2.365676144,0.028757433,0,0.822714523,0.042272545,3.71880225,0.213519868,0.198673054,0.124781032,0,0.002016408,0.01856322,0.32743977,0,0.038200009,0.015949489,0,0,0,0.007051603,9.917100515,0.002162526,0
Kenting_Hongchaikeng_40m_T1,0,0.049863848,0.099201577,0.008292252,3.099681797,0.003473971,0,0.046762059,0.010499157,1.010372251,0.050155858,0.2310421,0,0,0.797977513,0.090341293,0.035841466,0.003707554,0.037235756,0,0,0.149764338,0.006769344,0.246265242,10.26802004,0,0
Kenting_Hongchaikeng_40m_T2,0,0.070782679,0.170349876,0.045094827,2.04473478,0,0,0.002547058,0,1.006040736,0.055782141,0.021383313,0.01886062,0.019401073,0.02474521,0,0.03406492,0.003892884,0,0,0,0.047862626,0.02871626,0.038751729,9.375910883,0,0.006121095
Kenting_Hongchaikeng_40m_T3,0,0.038375429,0.489563978,0.018535141,3.108246402,0,0,0,0,1.185282046,0.025354572,0.116015978,0,0,0.044294801,0,0,0,0.050711531,0,0,0.241186633,0.101246331,0.079059463,11.88710912,0,0
Kenting_Hongchaikeng_40m_T4,0,0.036757096,0.112135779,0.059753579,3.075918302,0.028709476,0,0.01331455,0,0.836190566,0.096505083,0.027914117,0.007583145,0,0.036334483,0,0,0,0.041188918,0,0,0.084798424,0,0.088952192,11.52415979,0,0
Kenting_Hongchaikeng_40m_T5,0,0.09657472,0.186230452,0.015199252,2.584208837,0.008255687,0,0,0,0.601556434,0.076269466,0.015935939,0,0,0.077657448,0,0,0,0,0,0,0.139091966,0.003121703,0.046175595,10.55051134,0,0
Kenting_Longkeng_10m_T1,0.007655138,0.083260343,0.143530551,0.029381856,5.078715399,0.567513222,0,0.14696163,0.036554728,2.211100268,0.026038023,0.050418285,0.048752351,0,0.024466045,0.100626102,0.933645218,0,0.796783107,0.185410438,0,0,0.026967501,0.083335564,9.596667018,0.007136021,0
Kenting_Longkeng_10m_T2,0,0.319001763,0.037855402,0.022594736,3.167541865,0.29609411,0,0.12802117,0.03567649,1.715210067,0.053843109,0.174798517,0,0,0.073538808,0.218638286,1.017998129,0,0.45933178,0.159794716,0,0,0,0.02940891,11.80312487,0,0
Kenting_Longkeng_10m_T3,0.024887536,0.657158772,0.068952157,0.031386061,4.247782411,0.185810893,0,0.227721288,0.029365694,2.984184732,0.067958565,0.066093131,0,0,0.192809118,0.050938386,1.019147968,0,0.452190143,0.095870432,0,0,0,0.002668806,9.665939133,0,0
Kenting_Longkeng_10m_T4,0,0.21167998,0.11627362,0.035727851,4.515821526,0.291025844,0,0.344841704,0.004638706,3.044491806,0.07887253,0.115001178,0,0,0,0.022055503,1.505205685,0,0.459758468,0.049055681,0,0.018283561,0,0.046880938,9.016857163,0,0
Kenting_Longkeng_10m_T5,0,0.590219515,0.119738029,0.027236425,4.061167316,0.259274631,0,0.111085052,0.035292957,2.411969783,0.016415513,0.003385108,0.047300919,0,0.006851771,0.054169045,1.25831347,0,0.063897237,0.030778768,0,0.000854609,0.036061563,0.06846501,10.50946668,0.039711756,0.001678861
Kenting_Longkeng_40m_T1,0,0.374446272,0.080898855,0.041903349,8.680786996,0,0,0.004810291,0,0.536391264,0,0,0.036376905,0,0,0,0,0,0,0,0,0.117250642,0.002394241,0.115702842,8.014192332,0,0
Kenting_Longkeng_40m_T2,0,0.233393469,0.079851348,0.01203352,8.312168213,0,0,0,0,0.849490146,0.053952378,0.005923657,0,0,0,0,0,0,0,0.008790705,0,0.22385831,0.04492191,0.181755522,8.138360372,0,0
Kenting_Longkeng_40m_T3,0,0.444731276,0.034907784,0.021529652,6.262835501,0.003051471,0,0,0,0.654999004,0,0,0,0,0.028572087,0,0,0,0,0,0,0.101096436,0.138877833,0.210640218,9.360216541,0,0
Kenting_Longkeng_40m_T4,0,0.325518851,0.023798626,0.005619829,10.41433086,0.003925098,0,0,0,1.234964282,0.041431134,0.030716427,0,0,0.031682277,0,0.013813506,0,0,0,0,0.061524202,0.022816646,0.029568949,6.317377456,0,0
Kenting_Longkeng_40m_T5,0,0.390371473,0.009378282,0.054046272,11.83694996,0.005515639,0,0,0,0.493799069,0,0.027195806,0,0,0.061480683,0,0.010371486,0,0,0,0,0.103835633,0.040307578,0.095556205,5.414521139,0,0
Kenting_Maobitou_10m_T1,0,0.258626427,0.134029393,0.016111172,7.592401884,0.008298347,0.018084749,0.502002077,0,1.370968178,0.093201174,0.115247303,0.161092982,0,0.096019605,0.108604728,1.859275158,0,1.454047994,0.217577286,0,0.060968514,0.098462835,0.041763372,5.624112528,0,0
Kenting_Maobitou_10m_T2,0,0.173798089,0.129527571,0.003656059,7.809776232,0,0,0.289509326,0.004470144,0.792049949,0.05359867,0.284102791,0,0,0.037605289,0.110270356,2.175100272,0,2.307593249,0.30142892,0,0.019988094,0.035092223,0.184232947,5.44440117,0,0
Kenting_Maobitou_10m_T3,0,0.078369753,0.154059245,0.011081623,3.954501335,0.004346489,0.036762758,0.22426917,0,2.697776179,0.107476254,0.164979199,0.469204334,0,0.017612095,0.456365444,3.29733062,0,1.543136425,0.291667831,0,0,0,0.108881485,6.067365256,0.008440638,0.00837692
Kenting_Maobitou_10m_T4,0.00915027,0.176101517,0.106617656,0.100281304,5.186887858,0.035473561,0.054014746,0.974868376,0.107029727,2.485640548,0.04210638,0.248020585,0.180544209,0,0.044873518,0.108443598,1.131742314,0,0.702658601,0.130413337,0,0.000799537,0.001036941,0.080550369,7.785647059,0,0
Kenting_Maobitou_10m_T5,0,0.221155472,0.117631914,0,6.229485089,0.012257869,0,0.182278668,0.001888734,2.941083229,0.097336026,0.109994635,0.235341109,0,0.08873907,0.073639289,1.757985482,0,1.964092851,0.044707818,0,0.012077589,0.014866713,0.114088926,5.732470369,0,0
Kenting_Maobitou_40m_T1,0,0.047641729,0.061728854,0.001901841,10.58930202,0.026529296,0,0,0,0.570878512,0,0,0.072269308,0,0,0,0,0,0,0,0,0.003857678,0.001878898,0.00538699,7.76028808,0,0
Kenting_Maobitou_40m_T2,0,0.051652599,0.082583696,0.002542519,11.55877342,0,0,0,0,1.631088719,0,0,0,0,0.06260278,0,0,0,0,0,0,0.15881959,0.085936382,0.051070829,6.17806763,0,0
Kenting_Maobitou_40m_T3,0,0.052631848,0.04670392,0,11.36084741,0,0,0,0,0.353820186,0,0,0,0,0,0,0.111549005,0,0,0,0,0.057756429,0.017744585,0.007113355,4.938184737,0,0
Kenting_Maobitou_40m_T4,0,0.057761005,0.038143099,0.000928881,12.09038578,0,0,0,0,1.359276792,0.015973933,0.043941904,0.025011549,0,0,0,0,0.016130745,0.099518659,0.002767699,0,0.164149557,0.037735205,0,5.630299854,0,0
Kenting_Maobitou_40m_T5,0,0.040972214,0.408625916,0.017710112,10.22154869,0.023031312,0.036578956,0,0,0.977127778,0,0.073137128,0.031788958,0,0.043194377,0,0.042924892,0,0.043515185,0,0,0.108628358,0.003759977,0.099526163,6.43055066,0,0.004707928
Kenting_Xiaowan_10m_T1,0,0.396273105,0.235282654,0.061059325,3.739278191,0.038531258,0,0.574922857,0.01934659,2.456514539,0.113389173,0.093972491,0.12201161,0.001055156,0.012976654,0,0.888124435,0,0.077513191,0,0.036091786,0,0,0.162639708,10.66613906,0,0
Kenting_Xiaowan_10m_T2,0,0.227134786,0.111537556,0.039475107,4.158026899,0.04026845,0,0.092054065,0.055854855,3.757839991,0.071035259,0.077560133,0.184538611,0,0.018923182,0,0.994478333,0,0.126003023,0.06379832,0.036602645,0,0,0.083762458,8.566501003,0,0
Kenting_Xiaowan_10m_T3,0,0.37481249,0.086051223,0.042693207,4.13180307,0.039572437,0,0.291923787,0.037278512,3.517797517,0.073638773,0.088863198,0.216486823,0,0.106421221,0,0.746411989,0,0.121163453,0.003353345,0.013557016,0.002984343,0,0.010985808,9.618815079,0,0
Kenting_Xiaowan_10m_T4,0,0.193513699,0.069006659,0.048902838,5.177595041,0.011285387,0.066486793,0.209879488,0,2.85736847,0.020003725,0.10770584,0.172529913,0,0.010970771,0,0.64475629,0,0.027820226,0.011879653,0,0.053285444,0.000970868,0.122771931,9.70529718,0,0
Kenting_Xiaowan_10m_T5,0,0.085610808,0.139006198,0.027801248,3.978443046,0.006950957,0,0.570132656,0,3.846597207,0.082572595,0.119347011,0.036559896,0,0.01394738,0,1.457563206,0.003384312,1.249030361,0.01609202,0,0,0,0.087972426,7.54411333,0.034250671,0
Kenting_Xiaowan_40m_T1,0,0.171737361,0.129921571,0.00472659,10.23912713,0,0,0,0,1.736709366,0.058921077,0.049484989,0,0,0.028732828,0,0.023841626,0.004703392,0,0.016736618,0,0.117406578,0.001041704,0.170821409,5.146020988,0,0
Kenting_Xiaowan_40m_T2,0.013970021,0.131157916,0.220919799,0.036587174,9.659974919,0,0.036745534,0.016305695,0,0.693525844,0,0.117914796,0.013201272,0,0.075914467,0,0,0,0,0,0,0.057386353,0,0.078830797,4.853439311,0,0
Kenting_Xiaowan_40m_T3,0,0.051983709,0.204651568,0.041288544,11.56474167,0.020879675,0,0,0,1.2584122,0.014118322,0.036785482,0,0,0.069974605,0.019234553,0.024756152,0,0,0.02967005,0,0.187353748,0.077859619,0.087748164,5.030835001,0,0
Kenting_Xiaowan_40m_T4,0,0.082500783,0.21942995,0,10.92388273,0,0,0.000645401,0,1.171897836,0.062266312,0.002105776,0,0,0.191088948,0.010181995,0,0,0.01573998,0,0,0.079985505,0.076831844,0.057457803,5.690394704,0,0
Kenting_Xiaowan_40m_T5,0,0.231440928,0.223831589,0.023422545,11.06764895,0,0,0,0,1.599888817,0,0.060168557,0,0,0.082623623,0.032475356,0.036778651,0,0,0.000980138,0,0.04166298,0.037708949,0.141613485,5.42204645,0,0
North_825_5m_T1,0,0.085962015,0.031753062,0.063131152,3.647806857,0.008975707,0,0.039255887,0,7.306537164,1.874462567,0.580499574,0.028129998,0,0,0,0,0,0,0,0,0,0,0.124942081,6.37694546,0.047264153,0
North_825_5m_T2,0,0.041341946,0.019527784,0.071326954,4.450957457,0.024124471,0,0.019737199,0,5.918605831,0.013834488,0.870053733,0,0,0.033438756,0,0.004190015,0,0.002491322,0.021792058,0,0.00110268,0,0.117672565,8.195291944,0.008845349,0.00866568
North_825_5m_T3,0,0.023508342,0.021990595,0.029643308,2.688889296,0,0,0.002428564,0,8.017103908,0.008671583,1.779265072,0.070307653,0,0,0,0.014550917,0,0.030747151,0,0,0,0,0.079888869,6.9533276,0.077023344,0
North_825_5m_T4,0,0.016862547,0.007560245,0.06982222,5.370033873,0,0,0.075685844,0,5.872720899,0.015338435,0.319852609,0.004757341,0,0.056524377,0,0.097217431,0,0,0,0,0,0,0.265799361,7.691553991,0.255402487,0.014629765
North_825_5m_T5,0,0.176294004,0.003606585,0.022755518,4.463919932,0,0,0.029836797,0,6.204881891,0,0.937412722,0.024528318,0,0.008471134,0,0.03667855,0,0,0.007029411,0,0,0,0.184333393,7.70467889,0.172730252,0.002218692
North_Bitoujiao_10m_T1,0,0.045842598,0.085332017,0,4.329105076,0.031746146,0,0.045403179,0,4.135397816,0.023146238,0.106545647,0.007979842,0,0,0,0.018855569,0,0,0.01102776,0,0.024240684,0,0.842277859,8.14188127,0.34173914,0.029015926
North_Bitoujiao_10m_T2,0,0.001640632,0.03298494,0.007834565,6.077320293,0.072642475,0,0,0,3.108472129,0.0241552,0.533135609,0.297901525,0,0,0.005986512,0.007875874,0,0,0,0,0,0,0.04720195,7.553345583,0.147782191,0.006593375
North_Bitoujiao_10m_T3,0,0.049672799,0.039064387,0.031736392,4.206496249,0.037914198,0,0,0.02186783,2.822891842,0.079096967,0.387322447,0,0,0.000981083,0,0.091800358,0,0,0,0,0.01170483,0,0.291691755,9.08797989,0.53319211,0.039195616
North_Bitoujiao_10m_T4,0,0.026786735,0.12800842,0.042013815,2.969895686,0.00292963,0,0.058533361,0.03170353,2.694359038,0.073682394,0.508446786,0,0,0,0,0,0,0,0.022683449,0,0.003907992,0,0.292127993,10.02612913,0.248679898,0.071999679
North_Bitoujiao_10m_T5,0,0.077512828,0.081383764,0.101728631,5.29164942,0.004781137,0,0.107905531,0.170379761,2.724791505,0.160123673,0.994184953,0.033964849,0,0,0,0.054643702,0,0.028469596,0.008439103,0,0,0,0.333039551,6.84749289,0,0
North_Bitoujiao_15m_T1,0,0,0.025741141,0.050399434,2.068850284,0,0,0.00932864,0.497341412,2.613155562,0.018148198,0.139974267,0,0,0.018162961,0.02548971,0,0,0,0,0.00791573,0.091723317,0,0.11990767,7.069213821,0.009888964,0
North_Bitoujiao_15m_T2,0,0.021467717,0,0.017781046,2.065460051,0,0,0.006080639,0.174992405,2.02389885,0.009455463,0.071452837,0,0,0,0.014332149,0,0,0,0,0,0.045268176,0.002920515,0.073163801,4.552137918,0,0.008040788
North_Bitoujiao_15m_T3,0,0,0,0,2.956171859,0,0,0.006310303,0.333776031,1.222889506,0,0.03269182,0,0,0,0.010493475,0,0,0,0,0,0.033574057,0,0.263466114,5.145756664,0.004523294,0.006712988
North_Bitoujiao_15m_T4,0,0.059461614,0.007064975,0,7.284552807,0,0,0,0.116397656,2.295768373,0,0.26472766,0,0,0,0,0,0,0,0,0,0.035582211,0.016027992,0.212645425,6.982639137,0.013530005,0
North_Bitoujiao_15m_T5,0,0.048142506,0.037025388,0.017340202,6.108944198,0,0,0.094137379,0.186220928,1.483017002,0,0.174760313,0,0,0,0.003118729,0,0,0,0,0,0.045188456,0.003390101,0.555103635,7.364389617,0,0
North_Bitoujiao_40m_T1,0,0.175222698,0.01274389,0.006091082,4.063253048,0,0.005236184,0.042527498,0,0.481845283,0,0,0,0.057343406,0.235851037,0,0,0,0,0,0,0.895655364,0.091562145,0.174024079,11.93919837,0.004257459,0
North_Bitoujiao_40m_T2,0,0.062955801,0.035220201,0.001804549,3.431493016,0,0,0,0,0.48004414,0,0,0,0.01030102,0.101882895,0,0,0,0,0,0,0.736416126,0.054958244,0.109317006,13.20863468,0.005106807,0
North_Bitoujiao_40m_T3,0,0.430167073,0.059291817,0.022375083,3.656341138,0,0,0.030969551,0,0.895627814,0.00125981,0.069825316,0.03298416,0.002627955,0.408512922,0,0,0,0.02678884,0,0.013228936,0.789931804,0.429557926,0.149212475,11.21006473,0.071169539,0.018122347
North_Bitoujiao_40m_T4,0,0.270709676,0,0.079385502,3.492589638,0,0.031420731,0.025409747,0.027836622,0.663496331,0.002544371,0.014678121,0.0559785,0.017908433,0.491287485,0,0,0.032462511,0,0,0,0.820517376,0.273229172,0.16411355,11.19423033,0.069136757,0
North_Bitoujiao_40m_T5,0,0.398033619,0,0.037188415,4.184890485,0,0,0.010582188,0.007625833,0.461145596,0.016836371,0,0.005088907,0.030722908,0.143774231,0.015487668,0.002831465,0.00958211,0,0,0,0.910227841,0.160073849,0.094122592,12.95260026,0.056897053,0.013738625
North_Bitoujiao_5m_T1,0.025840258,0.012296821,0.358421052,0.231600018,5.456902622,0,0,0.188777854,0.176492913,1.405311921,0.362810479,0.004283456,0.03108979,0,0.01022805,0,0,0,0,0,0,0,0,0.138883243,7.379471747,0,0
North_Bitoujiao_5m_T2,0,0.007007135,0,0.007581604,6.18985463,0,0,0.056686585,0,1.561704737,0.040750028,0,0.014447868,0,0,0,0,0,0,0,0,0.044439683,0,0,7.904519006,0,0
North_Bitoujiao_5m_T3,0,0.015430064,0.026218575,0.007327222,3.463741623,0,0,0.017110379,0,1.386736104,0,0.006770457,0.010048955,0,0.017770931,0,0,0,0,0,0,0.030055638,0,0.163418428,8.913229789,0,0
North_Bitoujiao_5m_T4,0.018505802,0.038374495,0.213893561,0.08477797,4.507131934,0,0,0.034291547,0.016595431,1.634294004,0,0.040402557,0.091734156,0,0,0.012373763,0,0,0.006001229,0,0,0.00984468,0,0.181685084,9.16104008,0,0
North_Bitoujiao_5m_T5,0.0052955,0,0.115408678,0.08688886,3.295353221,0,0,0.120400008,0,2.682212578,0.010270886,0.400678994,0.12027063,0,0,0,0.036188845,0,0,0,0,0.005809426,0,0.102474257,8.127185645,0,0
North_Chaojing_15m_T1,0,0,0,0.021553531,4.893869543,0,0,0.001914667,0.637611794,2.758016157,0.054434659,0.136781395,0,0,0,0,0,0,0,0,0,0.060190558,0.106180671,0.004260872,8.087728098,0,0
North_Chaojing_15m_T2,0,0,0,0.009266407,4.15120756,0,0,0.002686358,0.713639965,2.443980519,0.106638993,0.08469531,0,0,0.019933243,0,0,0,0,0,0,0.026780273,0.03576822,0.015216322,9.000607542,0,0
North_Chaojing_15m_T3,0,0,0.022071123,0.040840594,3.462618599,0,0,0.008319783,1.017112591,3.308529597,0.180033122,0.087458339,0.007372438,0,0.036629163,0.001989158,0,0,0.008802241,0,0,0,0,0,8.782582547,0,0
North_Chaojing_15m_T4,0,0,0,0,2.764855044,0,0,0.018963446,0.58933314,3.894144726,0.026528501,0.162905352,0.00574871,0,0,0,0,0,0,0,0,0.003694653,0.101017299,0,9.345631328,0.13842562,0
North_Chaojing_15m_T5,0,0,0,0.003334663,3.111703115,0,0,0.018133513,0.445909001,2.384144607,0.067283647,0.039377192,0,0,0.0105477,0,0,0,0,0,0,0,0.030574533,0.019855369,10.83908778,0,0
North_Chaojing_5m_T1,0,0.148503136,0.002985333,0.023098969,6.819074643,0,0,0.433764287,0.000777076,3.555158373,0.050901078,0.238274319,0.211431439,0,0,0.073041617,0.000764601,0,0.00742045,0.004689572,0,0,0,0.057317284,7.577376918,0.011602251,0
North_Chaojing_5m_T2,0,0,0.000755036,0,6.750712126,0,0,0.092283162,0.029343571,4.907849546,0.225942694,0.341469432,0.149227727,0,0,0.110694209,0.042190081,0,0.014884346,0.019809383,0,0,0,0.012567598,5.466583544,0.454616559,0.0675945
North_Chaojing_5m_T3,0,0.110204009,0.003038021,0.005136718,7.052177668,0,0,0.041227318,0,4.780196293,0.021911453,0.246748866,0.173137729,0,0,0.086246539,0,0,0,0,0,0.001003642,0.036625379,0.048573361,6.327499567,0.10787998,0.005450086
North_Chaojing_5m_T4,0,0.090636392,0.170386998,0.049941792,6.047621881,0,0,0.02345203,0,1.096411355,0,0.401076433,0.130755911,0,0,0.005346164,0,0,0,0,0,0,0,0.030529136,8.141226039,0.205403555,0.001992797
North_Chaojing_5m_T5,0,0.252413081,0.032545875,0.006126942,7.923777088,0,0,0.053760089,0,2.387717553,0,0.071906963,0.07505634,0,0,0.114054535,0.011946213,0,0,0,0,0,0,0,7.890361027,0.029222912,0
North_GuianHarbor_10m_T1,0,0.138981684,0.127910544,0.03089316,8.276475854,0,0,0.174942559,0.182119756,1.781087273,0.024902307,0.243274082,0,0,0,0.001663604,0,0,0.011977439,0.015924941,0,0.003874783,0,0.043055993,6.851700591,0.005909206,0
North_GuianHarbor_10m_T2,0,0.402367145,0.166995034,0,7.263628374,0.022744004,0,0.086274198,0,0.97677929,0.124951242,0.157192055,0,0,0,0,0.053402535,0,0,0,0,0.03867064,0,0.03978582,6.226685979,0,0
North_GuianHarbor_10m_T3,0,0.577993806,0.048759267,0.018988745,8.630901961,0,0,0.270130123,0,2.340947888,0.004261164,0.430225051,0.018003943,0,0.00742246,0,0.113482466,0,0,0,0,0.123447284,0,0.033793169,4.44021173,0.007505456,0
North_GuianHarbor_10m_T4,0,0.261771821,0.005956382,0.006578177,8.453365556,0,0,0.258703441,0.00269549,3.436285425,0.000790907,0.122233181,0.012547149,0,0.021072182,0,0.051060576,0,0,0,0,0.006784178,0,0.098660366,6.198417837,0.03650496,0
North_GuianHarbor_10m_T5,0,0.343486277,0.086998156,0.006329973,8.797115479,0,0,0.585676843,0.001263668,3.033130906,0.366357317,0.141422526,0.019465762,0,0,0.004414613,0.461496241,0,0.033434235,0.015821778,0,0.040295944,0,0.073162485,5.078164392,0.113422372,0
North_Guishandao1_10m_T1,0,0.023371837,0.171129204,0.041047796,2.295890862,0.441891925,0,0.624562068,0,1.594732477,0,0.003398068,0.057337729,0,0.079008954,0.109846789,0.368868143,0,0,0,0,0,0.021896622,0.103408741,13.20666262,0,0
North_Guishandao1_10m_T2,0,0.007974521,0.301392853,0.053988704,2.586645578,0.466911886,0,0.229679172,0,0.792517838,0,0.017687356,0.244661488,0,0.100407453,0,0.356699318,0,0.034395105,0.047929945,0,0.010382349,0.0637638,0.038064393,13.73623291,0.036646037,0
North_Guishandao1_10m_T3,0,0.005616645,0.211664371,0.067743855,2.636090637,0.397543877,0.032695048,0.257968807,0,1.132841808,0.013132213,0.470477502,0.009661137,0,0.092285955,0.032144105,0.229808282,0,0.006845555,0.082170956,0,0.1380586,0.014121425,0.108633266,12.30658718,0,0
North_Guishandao1_10m_T4,0,0.036755058,0.159205359,0.216770583,1.781461807,0.404094506,0,0.02016761,0,0.751651768,0.009582291,0.449164478,0,0,0.226765122,0.008894748,0.758183559,0,0.007179285,0.02886571,0,0.034231977,0.026886474,0.095181966,14.23171224,0,0
North_Guishandao1_10m_T5,0,0.082487709,0.320562014,0.055859673,1.869628874,0.714153848,0,0,0,0.559846042,0.003662317,0.347440824,0,0,0.047609982,0.004978559,0.042329789,0,0.003809623,0,0,0.327534907,0.039481074,0.00489229,14.7886878,0,0
North_Guishandao2_10m_T1,0,0,0.723754438,0.051302424,2.244009917,0.714478081,0,0.403218814,0.017039366,2.673337954,0.027352943,0.22958917,0.009213814,0,0.034416249,0.001302516,1.380707371,0,0.36884961,0.095365754,0,0,0,0.000775436,9.840326067,0,0
North_Guishandao2_10m_T2,0,0.004006531,0.585360322,0.070349001,2.212793222,1.574047865,0,0.073528663,0.000681047,1.208726652,0,1.835674211,0.079255999,0,0,0,0.100457103,0,0,0,0,0.057418745,0.008158566,0.123933801,9.250834865,0,0
North_Guishandao2_10m_T3,0,0.004001348,0.31911538,0.119589954,1.506475608,1.529298549,0,0.060433368,0,0.349009481,0,0.045156463,0,0,0,0.003052021,0.107713349,0,0.514856572,0.016185615,0,0.01466953,0,0.029727346,10.93545211,0,0
North_Guishandao2_10m_T4,0,0,1.31441243,0.10123347,1.374823344,1.413631873,0,0,0,0.267569705,0,0.019398083,0,0,0,0.003348709,0.036067557,0,0,0,0,0.030446453,0.033504702,0.082063404,9.474505599,0,0
North_Guishandao2_10m_T5,0,0.001696616,0.181891217,0.073227471,3.789640021,0.057444284,0,0.955252549,0.036158106,2.559275879,0,0.253375834,0.635685051,0.005178435,0,0,0.154861049,0,0,0,0,0,0,0.050116077,6.906457458,0,0
North_KeelungIsland_10m_T1,0,0.106727186,0.019268952,0.2688632,4.032771028,0,0,0.177683838,0.008643811,3.632927109,0.027213457,0.472171929,0.00192867,0,0.001738582,0,0.138362525,0,0.016945529,0,0,0.175849904,0.031584641,0.428791989,9.739585355,0.336629491,0.105035846
North_KeelungIsland_10m_T2,0,0.171673176,0.12755248,0.216469756,4.808244019,0.010440702,0,0,0.059162497,3.268940198,0.0102494,1.169677925,0.03069397,0,0,0,0,0,0.064182402,0.008446201,0,0.206061524,0,0.416887975,9.155382268,0.215362617,0.050943972
North_KeelungIsland_10m_T3,0,0.261870443,0.212523623,0.345239376,4.561091859,0.002267289,0,0.034257937,0,4.046367872,0,0.243732623,0.075335445,0,0.074599428,0,0.033116781,0,0.008898571,0,0,0.84803946,0.017290182,0.661778643,8.427653198,0.289895564,0.019825431
North_KeelungIsland_10m_T4,0,0.130668528,0.20496459,0.585765274,3.214340672,0.002008316,0.03465088,0.173796013,0,2.437593837,0.033548287,0.820453099,0.006445422,0,0.008295998,0,0.029426321,0,0.009138352,0.029460182,0,0.288566423,0.003723731,0.323978643,9.507106352,0.113381709,0.008911653
North_KeelungIsland_10m_T5,0,0.165465058,0.054816604,0.281873201,3.781583896,0.007164293,0,0,0,1.954927103,0.07232767,0.154146565,0.020245697,0,0,0,0.012984432,0,0.00683263,0,0,0.184478315,0.105592123,0.143370913,11.70363048,0.209468723,0.059792376
North_KeelungIsland_40m_T1,0,0.213781881,0,0.033288538,5.461149922,0,0,0,0,0.181918179,0,0.157866432,0,0,0.151415842,0,0,0,0,0,0,0.084285697,0.034643871,0,3.698208904,0,0
North_KeelungIsland_40m_T2,0,0.096252097,0,0,5.655434125,0,0.00833179,0.009245492,0,0.080140499,0.002923207,0.005995884,0,0,0.019546246,0,0,0,0,0,0,0,0.117918739,0,3.577367737,0,0
North_KeelungIsland_40m_T3,0,0.028753065,0,0.046487762,5.032970492,0,0,0,0,0.075237696,0,0.085682584,0,0,0.004592121,0,0,0,0,0,0,0.062732064,0.065227865,0,3.092797465,0,0
North_KeelungIsland_40m_T4,0,0.36340163,0,0.016006554,8.456215777,0,0,0.031091698,0,0.247456068,0,0.05807971,0,0,0.443150784,0,0,0,0,0,0,0.018312746,0.068554063,0,5.106137688,0,0
North_KeelungIsland_40m_T5,0,0.336757208,0,0.012168169,9.003694139,0,0,0,0,0.212251397,0,0.030111045,0,0,0.164042409,0,0,0,0,0,0,0.040279154,0.115043574,0,5.063816421,0,0
North_Longdong_15m_T1,0,0.168323952,0,0.00985382,6.57049959,0,0,0,0,2.488649583,0,0.393977613,0.027504358,0,0,0,0.0366659,0,0,0,0,0,0,0.100633046,6.261078747,0.001532191,0
North_Longdong_15m_T2,0,0.375733454,0.036773738,0.044120748,5.099179272,0,0,0,0,3.02016977,0.032681721,0.464379442,0.025460568,0,0,0,0,0,0,0,0,0,0,0.235952315,6.824131281,0.00808866,0
North_Longdong_15m_T3,0,0.455764323,0.00371187,0.152971241,6.611613036,0,0,0,0,3.380765888,0.050857927,1.010101458,0.053453778,0,0,0,0.066149948,0,0,0.026695594,0,0.001881718,0,0.261363301,6.001382708,0.035449715,0
North_Longdong_15m_T4,0,0.15506472,0.087301622,0.015674146,6.39871411,0,0,0,0,3.195869478,0,0.218329672,0.040435556,0,0,0,0.039314832,0,0.01983294,0.01606436,0,0,0,0.188486014,6.146703257,0,0.006239332
North_Longdong_15m_T5,0,0.088464085,0.027046092,0.026220722,5.52962363,0.030928876,0,0.035078804,0,5.130685192,0.125536999,0.628419996,0.197145415,0,0,0,0.042035065,0,0.005066574,0,0,0,0,0.400081029,5.914001355,0,0
North_Longdong_5m_T1,0,1.840311599,0.511394711,0.43622252,7.189411466,0,0,0.095709523,0.055866338,1.460845055,0.01708947,0.124158872,0.03253129,0,0,0,0.133454747,0,0.059975363,0,0,0.003659857,0.021893627,0.327847954,7.80928572,0.213621205,0.018122807
North_Longdong_5m_T2,0,2.771435444,1.529465102,0.66667307,6.323228664,0,0,0.01115926,0,0.506627262,0.018069661,0.050985149,0,0,0.012204054,0.007059354,0,0,0,0,0,0.005113887,0.022292225,0.370047275,7.58119648,0.031597934,0
North_Longdong_5m_T3,0,2.83541982,1.787776042,0.525416725,6.547141212,0,0,0.335219523,0,0.780778031,0.010494597,0.029807743,0.072949826,0,0.019299088,0.032740071,0.019357289,0,0,0,0,0.005626272,0,0.55809825,6.248973795,0,0
North_Longdong_5m_T4,0.008211683,1.727245015,1.095735888,0.632999471,6.554394002,0,0,0.446224998,0,1.48544013,0.054793461,0.050830592,0,0,0.130818737,0.07157941,0.065898288,0,0.037091032,0,0,0,0,0.216067995,6.206739114,0.037558643,0.009008303
North_Longdong_5m_T5,0,1.254535723,0.465368727,0.231146084,5.406466785,0,0,1.149693321,0.035567488,2.226357206,0.029002702,0.122197268,0.065927768,0.006195569,0.131350832,0.295320458,0.007822282,0,0,0,0,0.00517993,0,1.124728536,6.396437446,0.574793329,0
North_Magang_10m_T1,0,0.542137034,0.300628563,0.727773407,5.21192897,0,0,0.31299092,0,1.937285843,0.015251944,0.250088005,0.747621691,0,0.005244945,0,0.040106553,0,0,0,0,0.019311644,0,0.150765756,9.032155522,0.038214718,0.003158651
North_Magang_10m_T2,0,0.948679019,1.094640748,0.327102637,4.95722739,0,0,0.041478409,0,1.043912907,0.009552678,0.050537714,0,0,0,0.01066411,0,0,0,0,0.034231034,0.033538613,0,0.230455121,9.650604571,0,0
North_Magang_10m_T3,0,0.604082896,0.730198011,1.477986028,3.837587399,0,0,0.074541173,0,1.482318014,0.010935991,0.05209849,2.249848531,0,0.041885637,0,0.453220805,0,0,0,0,0,0,0.099752195,8.782736861,0,0
North_Magang_10m_T4,0,0.445842932,0.24602594,0.628217514,4.526202574,0,0,0.098041967,0,0.550200564,0,0.013554133,1.008974776,0,0.034000212,0,0.080530801,0,0,0,0,0,0,0.053243411,11.9344272,0,0
North_Magang_10m_T5,0,0.796506907,0.3185148,0.097751999,4.868035283,0,0,0.036125643,0,0.945549309,0.034174165,0.000814137,0.394668959,0,0.002591005,0,0.000895963,0,0,0,0,0,0,0.138913047,10.67970529,0,0
North_Maoao_10m_T1,0,0.451851478,0.087312117,0.030874674,9.332337463,0,0,0.084217144,0,1.387177163,0.01547209,0.062932431,0.01696133,0,0,0,0.037734642,0,0,0,0,0.126225717,0,0.131335998,6.404178944,0.305908246,0.008510659
North_Maoao_10m_T2,0,0.354884891,0.104339042,0.007649961,9.95988954,0.005129525,0,0.019036911,0.025335389,2.115212719,0.067710354,0.155224855,0.051065345,0,0,0,0.036280383,0,0,0,0,0.016767595,0,0.066219074,5.919781677,0.007359867,0
North_Maoao_10m_T3,0,0.407099672,0.075835257,0.017212693,10.40879091,0.005298975,0,0.052472646,0,1.507343918,0.037346474,0.206230857,0.031324714,0,0,0,0,0,0,0.004040829,0,0.086913618,0,0.153874466,5.515962045,0.057876758,0
North_Maoao_10m_T4,0,0.505434806,0.014013156,0.048478636,8.925243114,0.033770009,0,0.073352918,0,3.250652524,0.22771338,0.234003403,0.006857492,0,0,0,0.118812601,0,0,0.01081946,0,0.030840591,0,0.047327003,5.374072186,0.046404774,0
North_Maoao_10m_T5,0,0.401381816,0.100554413,0.041477401,8.894621826,0,0,0,0,2.618066216,0.032045062,0.034187434,0.027147726,0,0,0,0.044362711,0,0,0,0,0.031292787,0.034938244,0.223096337,6.340455773,0.224986774,0
North_Meiyanshan_15m_T1,0.048738619,0.230835149,0.023121987,0,10.3771419,0,0,0.024377011,0,0.833679884,0.013486765,0.048146434,0.030718127,0,0.037103435,0,0,0,0,0,0,0.559955049,0.019859585,0.048265891,4.87689776,0,0
North_Meiyanshan_15m_T2,0.036405049,0.094730735,0.062479206,0.031832885,10.80921521,0,0,0,0,1.730748167,0.007500777,0.136889308,0.080903008,0,0,0,0,0,0.005886247,0,0,0.458931161,0.12835989,0.066334052,3.511402785,0.071421966,0.001030336
North_Meiyanshan_15m_T3,0.049971477,0.086040529,0.268864262,0.028978104,6.34824768,0,0,0,0,0.913256219,0.010674564,0.006942015,0,0,0.013726662,0,0,0,0,0,0.004038942,0.142579261,0.015109796,0.012888522,7.461875959,0,0
North_Meiyanshan_15m_T4,0,0.03671667,0.042162342,0,6.83110741,0,0,0,0,0.445503967,0,0.004585878,0,0,0,0,0,0,0,0,0,0.071973358,0.054498088,0,6.473736982,0.020117438,0
North_Meiyanshan_15m_T5,0.014594711,0.03662239,0.02006847,0,10.03717749,0,0,0,0,3.050804284,0,0.155046931,0,0,0,0,0,0,0.004526825,0,0,0.092543329,0.000624778,0.048760767,4.432627195,0.241032607,0.006631948
North_Meiyanshan_5m_T1,0.063062905,0.004956011,0.089013971,0.013499572,9.370816562,0.005000952,0,0.076359617,0.010297349,1.347371925,0.089592535,0.050080158,0.090356239,0,0,0,0,0,0,0,0,0.030337566,0,0.037956749,7.735311258,0,0
North_Meiyanshan_5m_T2,0.184721289,0.115174329,0.113504901,0.005736809,8.258808767,0,0,0.037428196,0.004512461,0.947846717,0.067617326,0,0.076463361,0,0.014706665,0,0.165810141,0,0,0,0,0.072189404,0,0.022677802,8.248308226,0,0
North_Meiyanshan_5m_T3,0.080047696,0,0.119864023,0.030704172,8.889411082,0.002516507,0,0.071771544,0.019317616,1.010366656,0.009014342,0.025915572,0.042262672,0,0.01098543,0,0.036555549,0,0.003661896,0,0,0.0721868,0,0.037193912,8.233243018,0,0
North_Meiyanshan_5m_T4,0.132610656,0.119135561,0.226707435,0.014332481,7.957219818,0,0,0.036987873,0,1.097613424,0.156886569,0.006175073,0.024103451,0,0.025373678,0.034730697,0.036776199,0,0,0,0,0.01568425,0,0.008151639,8.633112534,0.022793323,0
North_Meiyanshan_5m_T5,0.027500921,0.020467367,0.153361323,0.020003077,8.364608671,0.001506551,0,0.159779721,0.004989723,1.36851951,0.115790534,0.044312572,0.026073601,0,0.046019513,0.009810271,0.159395396,0,0.028783823,0,0.008925771,0.083826729,0,0.03605334,8.519417035,0.136976358,0.002473672
North_Shenao_15m_T1,0,0.01311099,0.047783897,0,7.761452547,0.026329901,0,0.024388705,0.006664224,2.02063912,0.049968354,0.031374584,0.076414839,0.019283231,0.040923207,0,0,0,0.046238098,0,0,0.66197003,0.221848732,1.040087152,6.47514007,0.048520779,0
North_Shenao_15m_T2,0,0.027721903,0.030771047,0.005607639,5.071593949,0.010626019,0.071710437,0.017935293,0.037856369,0.643457069,0,0,0,0.009570611,0.368917169,0,0,0.034155067,0,0,0,0.385622858,0.14191034,0.683877768,9.324266106,0,0
North_Shenao_15m_T3,0,0.131813258,0.132735072,0,4.162677084,0.009681336,0.025709965,0.030629452,0.020743308,0.811980187,0.045017341,0.026175862,0.005415586,0.012141,0.141552011,0,0,0,0,0,0,0.282358771,0.04003907,1.190575447,9.116317776,0,0
North_Shenao_15m_T4,0,0.029574256,0.0533913,0.012669292,5.008029666,0,0.015037168,0.03785711,0,0.916115112,0,0.011972214,0,0,0.038209939,0,0.024796072,0,0,0,0,0.448253708,0.083914904,0.945417113,9.238360993,0.023020493,0
North_Shenao_15m_T5,0,0.013067953,0.035932035,0.044427698,5.727928174,0.010560553,0,0.036504735,0.021495638,0.634131281,0,0.005286962,0.005658529,0,0.086865331,0,0,0,0,0,0,0.374505592,0.024666171,0.509738647,8.693007454,0,0
North_Shenao_5m_T1,0,1.3421424,0.442924998,0.049899603,7.405930513,0,0,0.037363704,0.012374297,2.561345734,0.017129305,0.176021189,0.007168663,0,0,0.041843581,0,0,0,0,0,0.000964289,0,0.540982798,4.610053898,0.107960448,0.001083045
North_Shenao_5m_T2,0,1.882609951,0.034861398,0.051771648,9.081465775,0,0,0.015508837,0.001831812,2.232129291,0.019633616,0.245434626,0.014974291,0,0,0.048980216,0,0,0,0,0,0.067819972,0.046521988,0.271376105,4.300978208,0.035866765,0.000993219
North_Shenao_5m_T3,0,2.133060731,0.048667046,0.007450529,10.64260748,0,0,0,0,1.126385614,0.014009986,0.013708743,0,0,0,0.009181783,0,0,0,0,0,0.016678825,0,0.06844668,4.643257703,0,0
North_Shenao_5m_T4,0,3.245098354,0.115629494,0.056585456,10.5505676,0,0,0.101732513,0,2.174046637,0,0.010386292,0.029394648,0,0,0,0,0,0,0,0,0,0,0.063783058,3.054187625,0.125558869,0.003079338
North_Shenao_5m_T5,0,2.249001922,0.031128914,0.050468474,9.747714409,0,0,0.039425797,0,2.293264647,0.031532308,0.133236606,0.020426019,0,0,0,0,0,0,0,0,0.000678456,0,0.070637787,3.659205713,0.743277666,0.009416083
North_Shicheng_10m_T1,0,0.301543199,0,0.138909237,5.618938087,0,0,0,0,2.826689452,0,0.081983501,0,0,0,0,0,0,0.033208312,0,0,0.015129779,0,0.216796634,10.66625102,0.021150971,0
North_Shicheng_10m_T2,0,0.119339687,0,0.082823403,4.706417377,0,0,0.001326381,0,2.930700714,0,0.017364929,0.035406851,0,0.03572424,0,0.001730428,0,0,0,0,0.060214205,0,0.217960424,11.46419521,0,0
North_Shicheng_10m_T3,0,0.371583495,0.00259139,0.016123052,6.68210681,0,0,0.122448782,0,1.365333029,0,0,0.100613552,0,0,0,0,0,0,0,0,0.080202825,0,0.25489732,11.26546407,0,0
North_Shicheng_10m_T4,0,0.350167696,0,0.000863276,6.367330087,0,0,0.011163719,0,2.532517013,0,0.029244811,0,0,0,0,0,0,0,0,0,0.131582721,0,0.049841359,11.04058149,0,0
North_Shicheng_10m_T5,0,0.330165605,0,0.023725778,5.765820028,0,0,0.056788408,0,3.642939075,0.071921358,0.024031441,0.008270189,0,0,0,0.036642739,0,0,0,0,0.229224091,0,0.584542154,9.5712067,0,0
North_Yeliu_10m_T1,0,0.017704309,0,0.007999583,5.973548037,0,0,0.12839335,0,3.363583718,0.032511012,0.247304978,0.235869012,0,0.00645028,0.006318112,0.035887914,0,0,0,0,0.069493249,0,0.010943741,7.976199431,0,0
North_Yeliu_10m_T2,0,0.007814878,0,0,5.36014493,0.005030652,0,0.070714771,0,4.115401294,0.044316702,0,0.09063608,0,0,0,0,0,0,0,0,0,0,0.040933987,7.642695245,0.017063975,0
North_Yeliu_10m_T3,0,0,0,0,4.422782223,0,0,0.064466987,0.01699466,2.912413584,0.002723268,0.024649819,0.066689343,0.004522157,0,0,0.012693299,0,0,0,0,0.035559694,0,0,8.522307195,0.099908637,0
North_Yeliu_10m_T4,0,0,0,0,5.145445772,0,0,0.277959075,0,4.37262265,0,0.021957677,0,0,0,0,0.030930529,0,0,0,0,0.003314135,0.118565429,0.022686985,7.837011468,0.250323783,0
North_Yeliu_10m_T5,0,0,0,0,4.685393497,0.007021768,0,0.257248163,0.003396293,4.207368829,0,0.124571933,0.116010435,0,0,0,0,0,0,0,0,0.02734134,0,0.078506602,8.374169985,0.301103681,0.001744505
OrchidIsland_Dongchin_10m_T1,0.001701851,0.41680643,0.188099548,0.085675317,2.385088535,0.032039712,0,0.051354203,0.219702009,2.623101922,0.03438017,0.15065812,0.006041338,0,0.003774225,0.019762648,0.879360846,0,0.025337082,0.0523831,0,0.285180353,0.178675925,0.008177334,11.11570916,0,0
OrchidIsland_Dongchin_10m_T2,0,0.159886664,0.114723761,0.019553445,1.568526612,0.030464344,0,0.036540041,0.086973914,1.218817925,0.014702223,0.724361442,0.088717756,0,0.03299752,0,3.670894777,0,3.650202993,0.7777547,0,0.042305202,0.020481154,0.020324711,7.210755129,0,0
OrchidIsland_Dongchin_10m_T3,0,0.261080151,0.277154356,0.032330407,1.509806891,0.028157855,0.024509649,0.058552672,0.006248131,0.649682441,0.005308901,0.035823582,0.146919683,0,0.001632216,0.007873224,1.414849412,0,0.028442061,0,0,0.583826115,0.218562587,0.021923169,12.3457828,0,0
OrchidIsland_Dongchin_10m_T4,0,0.099303508,0.24027546,0.024618782,1.663600566,0.049588038,0,0.100889259,0.11868356,2.547784323,0,0.564358672,0.345796427,0,0,0,1.309715538,0,0.110686549,0,0,0.036764783,0,0.004368356,10.62279674,0,0
OrchidIsland_Dongchin_10m_T5,0,0.18484519,0.013395915,0.06008029,6.292010703,0,0.109365372,0.014369697,0.041429859,2.305512348,0.003458191,0.081308501,0.170994225,0,0.029578316,0,0.697831137,0,0.073263264,0.014351491,0,0.097214275,0.207607305,0.028841655,9.317189115,0,0
OrchidIsland_Landong_10m_T1,0,0.048001795,0,0.013786683,2.800004141,0,0.002188017,1.132389926,0.133530147,3.083967816,0,0.216879112,0.133883324,0,0.069964986,0.105087967,0.105769664,0,0,0,0,0.00735262,0.007647801,0,12.25714443,0,0
OrchidIsland_Landong_10m_T2,0,0.003057299,0.007967181,0.019607918,2.228229135,0,0,1.760710655,1.001975148,2.865314306,0.010446103,0.4133543,0.002061807,0,0,0.066584534,0.036160256,0,0.007523834,0,0,0.036736134,0,0.00314704,10.03098507,0,0
OrchidIsland_Landong_10m_T3,0.002962953,0,0,0.01660096,2.112644244,0,0,1.222681996,1.094101481,3.794216273,0.059498244,0.372699746,0.207571925,0.035392131,0.009939519,0,0.019435339,0,0,0,0,0.000976481,0,0.00861247,8.705607254,0.051821919,0.015249521
OrchidIsland_Landong_10m_T4,0,0,0,0,2.306881944,0,0,0.38958068,0.151959317,1.743368265,0,0.034043907,0.200664003,0,0,0,0.013203211,0,0,0,0,0.003437946,0.007337943,0,14.00336188,0,0
OrchidIsland_Landong_10m_T5,0.004635755,0,0,0.005739982,2.178090295,0,0,0.071370393,0.025981863,1.519153042,0.052392715,0.03885683,0,0,0,0,0,0,0,0,0,0.001285897,0,0.022151606,9.235015435,0,0
OrchidIsland_Laurenyan_10m_T1,0,0,0.003787141,0.032779044,2.386315141,0,0,0.904614503,0.415212969,3.887561303,0.021320422,0.051958649,0.068549699,0,0.029785403,0.037217544,0.105218541,0,0.046419888,0.008791303,0,0.01474729,0.008489689,0,10.8201999,0.014290216,0
OrchidIsland_Laurenyan_10m_T2,0.013860414,0,0,0,2.331632006,0,0,2.733334458,0.333954068,2.990353712,0.033206519,0.094891613,0.069831392,0.00077674,0.10589702,0.194897509,0.086024592,0.026966293,0,0.02091744,0,0.027982659,0,0,9.660883462,0.032554126,0.00214561
OrchidIsland_Laurenyan_10m_T3,0,0,0,0.005717914,2.301280684,0,0,0.549328925,0.42739177,4.74709963,0.0434894,0.053557378,0.100410307,0,0.077040061,0.056314886,0.103508187,0,0.012300895,0,0,0.006838709,0,0,10.25364341,0,0
OrchidIsland_Laurenyan_10m_T4,0,0,0,0.016060857,2.253410746,0,0,1.189048709,0.219346684,3.143872407,0.008730669,0.058795868,0.070123671,0,0.043304285,0.024011325,0.044184988,0,0,0.022397399,0,0.334680246,0,0,11.3869407,0,0
OrchidIsland_Laurenyan_10m_T5,0,0,0.008023063,0,2.621330474,0,0,1.445260646,0.373458514,3.791022564,0.049947148,0.050190276,0.058745139,0,0.00435314,0.044505141,0.002027231,0,0,0,0,0.292775832,0.001203952,0,10.57273167,0.116366525,0.013378756
OrchidIsland_Mujiyan_10m_T1,0,0.003450449,0,0,2.552350795,0,0,1.044468976,0.576970223,2.906817645,0,1.285947651,0.091095997,0.005648258,0.139345642,0.453344209,0.013566216,0.011770307,0.005895432,0,0,0.011078638,0,0.037294245,10.96467567,0,0.00565344
OrchidIsland_Mujiyan_10m_T2,0,0.04281413,0.001118733,0,3.475537497,0,0,1.309508077,0.714055709,3.794037801,0.001069077,0.091223701,0.01874817,0.095507469,0.111103178,0.302097537,0,0,0.010615609,0,0,0.023774497,0.100684642,0,9.786930049,0.034260455,0
OrchidIsland_Mujiyan_10m_T3,0,0,0.094764237,0,3.285524867,0,0.071117639,1.775695097,1.773625412,4.110610993,0,0.059079269,0.296237613,0.189642871,0.201333327,0.305557064,0.016890582,0,0.069468512,0,0,0.04712922,0.00179457,0.007725033,7.998417869,0,0
OrchidIsland_Mujiyan_10m_T4,0.016005581,0,0.054551618,0,3.379761355,0,0,1.370402796,0.672370723,4.739372391,0.01014424,0.190034059,0.252477657,0.099652377,0.755977293,0.795969735,0.04286755,0,0,0,0,0.028489852,0.009913855,0,7.930936566,0,0
OrchidIsland_Mujiyan_10m_T5,0,0.00346104,0.015703443,0,3.550522845,0,0.001592007,0.927361086,3.252178747,3.385067525,0,0.05322235,0.065581739,0.305321045,0.208428183,0.570121625,0.098011839,0,0,0,0,0.066247467,0.004271355,0.028898349,7.326023551,0,0
OrchidIsland_Qingqingcaoyuan_10m_T1,0,0,0,0.023887112,3.657999669,0,0,1.161373533,0.260875003,1.572205682,0.234452717,0.08126092,1.524534987,0,0,0.046261048,0,0,0,0,0,0.009251605,0,0,7.079589531,0,0
OrchidIsland_Qingqingcaoyuan_10m_T2,0,0,0,0.007646129,3.877902588,0,0,1.913237684,0.229610931,2.822658663,0.162911761,0.100966951,0.825930387,0.008037329,0.015232866,0.049498637,0.033798341,0,0.027649554,0,0,0,0,0,6.33039124,0.006589272,0
OrchidIsland_Qingqingcaoyuan_10m_T3,0,0,0,0.100648426,3.956896017,0,0,3.296205822,0.767928431,2.954344273,0.263138069,0.076404938,0.484708619,0.010355943,0,0,0,0,0,0,0,0.016466864,0,0,6.286963629,0,0
OrchidIsland_Qingqingcaoyuan_10m_T4,0,0,0,0.115355437,4.10833679,0,0,1.468071335,0.716183933,2.632951277,0.179635926,0.089860611,1.052707277,0.039574928,0.001066684,0.033672619,0.017633664,0,0.039013023,0,0,0,0,0,6.592189266,0,0
OrchidIsland_Qingqingcaoyuan_10m_T5,0,0.012009355,0,0.096952226,3.662464972,0,0,2.021825353,0.136976797,2.029091688,0.071591775,0.03931412,3.188149106,0,0.009311259,0.006358101,0,0,0,0,0,0.004122546,0,0,7.363670321,0,0
OrchidIsland_Shuangshiyan_10m_T1,0,0,0,0,2.436395182,0,0,0.492049512,2.075610316,4.945375218,0.007175733,0.491342265,0.095050539,0,0.024566439,1.280014562,0.008012842,0,0.0346977,0,0,0.009564122,0,0.007201982,7.904205844,0,0
OrchidIsland_Shuangshiyan_10m_T2,0,0.00121571,0,0,1.584215036,0,0,0.965895454,4.976476683,3.019089735,0.009188971,0.065668529,3.088130391,0.134407088,0,0.176587461,0.015066546,0,0.012645048,0,0,0.043820956,0,0,5.836633522,0,0
OrchidIsland_Shuangshiyan_10m_T3,0,0,0,0,1.879916108,0,0,0.604081196,3.385691399,4.319790425,0,0.206895896,0.233954414,0.009395994,0,0.388929156,0.063296008,0,0,0,0,0,0,0,7.860961777,0,0
OrchidIsland_Shuangshiyan_10m_T4,0,0,0,0.028046136,1.860972098,0,0,0.99326642,1.972140575,3.325490045,0.009529633,0.119354593,0.111039442,0.007416869,0,0,0.002331248,0,0.011534707,0,0,0,0,0,11.94206437,0.019361983,0
OrchidIsland_Shuangshiyan_10m_T5,0,0,0,0.064806597,2.322392469,0,0,2.261820129,2.23534849,4.650545981,0,0.004600358,0.052319706,0.103864665,0.00353586,0.009693103,0.063427638,0,0.025398904,0,0,0.052125963,0,0.007344058,6.932407508,0.02228922,0.005699439
OrchidIsland_Yayo_10m_T1,0,0,0,0,2.35395469,0,0,0.470980192,0.298093314,3.701259465,0,0.100011483,0.221012178,0,0.065005386,0,0.035799159,0,0,0,0,0.005454763,0.005442215,0,9.782472848,0,0
OrchidIsland_Yayo_10m_T2,0,0,0,0.002555432,2.084983348,0,0.015900712,1.441905922,0.072113014,2.415369018,0,0.149378783,0.404995609,0,0.243688044,0.022509546,0,0,0,0.047779206,0,0,0,0.010901445,11.62975253,0,0
OrchidIsland_Yayo_10m_T3,0,0,0.004061107,0,2.0745468,0,0,0.320242759,0.059605488,3.179000817,0,0.119307217,0.174702029,0,0.076823961,0.041764952,0.061323089,0,0,0,0,0.02338242,0,0,11.89027602,0,0
OrchidIsland_Yayo_10m_T4,0,0.014131762,0.0691381,0.009840464,2.999190139,0,0,0.348782949,0.189797042,2.738872446,0.002082274,0.288413775,0.031195649,0,0.091133363,0.070002182,0,0,0,0,0,0.069497205,0.024855271,0,10.53252787,0,0
OrchidIsland_Yayo_10m_T5,0,0.065928484,0.003445566,0,3.310429086,0,0,0.832885977,0.172677844,3.627032955,0.00374544,1.003123132,0.396164139,0,0.009714206,0.182758083,0,0.042013714,0,0,0,0.03273634,0.033460021,0,9.016695356,0,0
Penghu_Gupoyu_5m_T1,0,0.002518278,0.001571069,0.070544749,4.35238164,0,0.389860991,0.636787366,0,0.826545957,0,0.004626974,1.03121346,0,0.02355144,0,0.044872021,0,0,0,0,0.023465004,0,0.430477771,11.70721882,0,0
Penghu_Gupoyu_5m_T2,0,0.001061013,0.060627771,0.178419125,4.441618031,0.000614339,0.886893321,0.413761471,0,1.014196421,0,0.502838959,0.43722737,0,0.045792781,0,0.017072206,0,0.004205507,0,0,0,0,0.794921285,10.28778504,0,0
Penghu_Gupoyu_5m_T3,0,0,0,0.12550266,3.583106569,0,0.161243723,0.281731988,0,0.418616349,0,0.021686801,0.26907591,0,0.036399479,0,0.035970328,0,0.009516834,0,0,0.005659073,0,0.39683545,13.12564919,0,0
Penghu_Gupoyu_5m_T4,0,0.001013332,0,0.36711458,4.341052016,0.00735099,1.78547359,0.59682607,0,0.586574811,0,0.060901258,0.32163968,0,0.086420393,0,0.117666648,0,0,0,0,0,0,1.047419071,10.18241332,0.009021276,0
Penghu_Gupoyu_5m_T5,0,0.013889146,0,0.077270771,4.465071609,0,0.19167952,0.168737927,0.046033568,0.705895164,0,0.081295988,0.231127563,0,0.066584994,0,0,0,0,0,0,0.000855922,0,0.47275112,12.12323483,0,0
Penghu_HujingyuNorth_5m_T1,0,0.005627598,0,0.029891945,2.019443311,0,0,0.720933408,0.609183611,3.406086647,0.152730205,0.368812577,0.170296294,0,0.002650978,0,0.682650292,0,0,0,0,0.007316447,0,0,8.091869742,2.137994896,0.158179027
Penghu_HujingyuNorth_5m_T2,0,0,0.022073218,0.069923906,2.300247206,0,0,1.42554575,0.137734406,3.439861584,0.132752766,0.1742089,0.286957267,0,0.001593312,0,0.272016569,0,0.026181984,0,0,0.015673986,0.066948831,0.00579617,8.551176289,2.018874042,0.022786313
Penghu_HujingyuNorth_5m_T3,0,0,0.029343196,0.022210871,2.117430027,0.008007259,0.036823209,1.445358307,0.099025923,2.353099436,0.185091545,0.093413949,0.243252577,0,0.005247935,0,0.50776048,0,0.006694638,0,0,0,0,0.010455853,9.920759118,0.049502788,0.005160199
Penghu_HujingyuNorth_5m_T4,0,0.038668,0,0.124267081,2.167440148,0.02686012,0.013735498,1.630332647,0.071348213,2.963515605,0.061119083,0.163736835,0.712443575,0,0.045803895,0.001366301,0.254219524,0,0,0,0,0,0,0.00870408,9.094562734,0.529703482,0.051095846
Penghu_HujingyuNorth_5m_T5,0,0,0.004840947,0.087140722,2.091170453,0,0,1.318157745,0.233619655,2.581307075,0.088638461,0.040957376,0.165257917,0,0,0,0.560338439,0,0.306792333,0,0,0,0,0.012922427,10.52061203,0.106603682,0.002587015
Penghu_HujingyuWest_5m_T1,0,0,0,0,1.317971511,0,0,0.004083011,0.011444278,2.008885529,0.092693987,0.12941759,0.149710297,0,0,0,0.086558751,0,0,0,0,0,0,0.033320471,7.942716651,0.031297999,0
Penghu_HujingyuWest_5m_T2,0,0,0.010726715,0,1.025918966,0,0,0.313510905,0.011770668,1.062691355,0,0.108025092,0.309312974,0,0,0,0.037687067,0,0,0,0,0,0,0,7.621420432,0,0
Penghu_HujingyuWest_5m_T3,0,0,0.016353837,0.018235614,1.091245561,0.001676419,0,0.237891325,0.146796901,0.799831844,0.01582493,0.033586176,0.131394161,0,0,0,0.110405032,0,0,0,0,0.041611653,0,0,7.025235725,0,0
Penghu_HujingyuWest_5m_T4,0,0,0.010407214,0.114464151,1.281633805,0,0,0.203603338,0,0.910386193,0.094878195,0.104716982,0.009509202,0,0.001177864,0,0,0,0,0,0,0,0,0,7.389888088,0,0
Penghu_HujingyuWest_5m_T5,0,0,0.007822085,0,1.244247131,0,0,1.053042153,0.01214916,1.005910052,0.018060882,0.179401185,0.001091624,0,0,0,0.041805525,0,0,0,0,0,0,0.03638803,5.175844349,0,0
Penghu_Jingyudong_5m_T1,0,0.002271888,0,0.005770856,2.823025027,0,0.006095725,0.234434859,0.015985359,1.666789923,0,0.023910763,0.286406607,0,0.014694554,0,0.040348765,0,0,0,0,0.064403208,0,0,11.40315169,0.003766822,0.000928506
Penghu_Jingyudong_5m_T2,0,0.004796278,0,0.031685682,2.910753386,0,0,0,0.00549926,1.706736791,0,0.190397414,0.008436285,0,0,0,0,0,0.021879881,0.013485384,0,0.008963874,0,0,11.34585942,0.034074606,0.024545094
Penghu_Jingyudong_5m_T3,0,0,0.006429399,0.004886689,2.187153012,0,0,0.038927983,0.033271004,1.626194436,0,0.161576423,0,0,0,0,0.237358702,0,0.085825594,0,0,0,0,0.009499776,11.03486303,0,0.002896046
Penghu_Jingyudong_5m_T4,0,0.001622873,0,0.033875922,1.608080017,0,0,0,0.013843635,1.291270494,0.009934975,0.77657256,0.007121534,0,0,0,0,0,0.036720255,0,0,0,0,0,10.90058275,0,0
Penghu_Jingyudong_5m_T5,0,0,0,0.03444732,1.967127514,0,0,0.239605985,0.000638372,2.19921077,0,0.024053459,0.284042257,0,0,0,0.074792506,0,0.005918024,0,0,0,0,0,10.8601469,0,0.003053919
Penghu_Keelungyu_5m_T1,0,0.002768567,0,0.115560198,1.597096802,0,0.007559672,0.359497389,0.298238096,1.587931776,0.005775215,0.314172102,0.334853477,0,0.002213863,0,0.592684619,0,0.006718244,0.070380463,0,0.00653067,0,0,5.828403385,0,0
Penghu_Keelungyu_5m_T2,0,0.00933991,0.006133757,0.047770963,1.290981492,0.002247788,0.320053362,0.223255207,0.624918586,3.106706377,0.028552017,0.11676731,0.233189342,0,0.01314963,0,0.73442155,0,0,0,0,0.047450905,0,0.028126816,5.854676498,0.009965452,0.040789814
Penghu_Keelungyu_5m_T3,0,0,0.010216072,0.006849901,1.538953996,0.011139985,0.064274694,0.875934172,0.296226348,2.578443412,0.045178354,0.134130788,0.279480821,0,0.026969377,0,0.630050043,0,0.055002023,0,0,0.043313375,0,0.146338963,8.595282094,0,0
Penghu_Keelungyu_5m_T4,0,0,0,0.07242855,1.500376827,0,0.440314752,1.089486073,0.518423295,1.494560824,0.032007038,0.103941814,2.818129495,0,0.013458661,0,0.261801521,0,0,0,0,0.001047819,0,0,7.020388078,0.011243999,0
Penghu_Keelungyu_5m_T5,0,0,0,0.009330733,1.332816948,0.009316918,0.301240509,0.415938497,0.632364441,1.443391558,0.215074166,0.286134497,0.895687231,0,0,0,0.181946466,0,0.002367407,0,0,0,0,0.017568133,7.192462294,0.015771486,0
Penghu_Qingwan_5m_T1,0,0,0.358628993,0,1.689946599,0,0,0.142205042,0.126052462,2.022254504,0.212068,0.122361471,0.007756856,0,0.019619726,0,0.129590995,0,0.006237126,0,0,0.03660236,0,0.235150133,11.54365836,0,0
Penghu_Qingwan_5m_T2,0,0,0.02920525,0,1.683265818,0.001697826,0,0.046143996,0.043318849,1.974889697,0.127262263,0.12734605,0.086415187,0,0.06806248,0,0.204143123,0,0.038432269,0.009536388,0,0.028577604,0,0.273993766,12.38466917,0,0
Penghu_Qingwan_5m_T3,0,0,0.017325652,0.029697043,1.551028853,0,0,0.218531224,0.113783282,1.32583654,0.073420854,0.089827456,0,0,0.050518371,0,0.160652778,0,0.008862154,0,0.004280588,0.005130261,0,0.044979936,13.19604887,0,0
Penghu_Qingwan_5m_T4,0,0.000647978,0.015224925,0.085781461,1.736515842,0,0,0.068783849,0.089710532,1.516682561,0.195692742,0.08771236,0.039651682,0,0,0,0.068034706,0,0.003659946,0,0,0.010802211,0,0.064472168,13.22710518,0.04161543,0
Penghu_Qingwan_5m_T5,0,0,0,0.014807031,1.275206582,0,0,0.041131142,0.167355149,1.037694661,0.160821335,0.136498937,0,0,0,0,0.058154803,0,0,0,0.025420685,0,0,0.125594711,14.43855716,0.001397018,0
Penghu_Sijiaoyu_5m_T1,0,0,0,0.02480187,1.54126978,0,0,0.145199799,0.380851493,3.596803609,0.087135798,0.318522586,0.015325512,0,0.012697562,0,0.419402997,0,0,0,0,0,0,0.05634539,10.6977929,0.056526275,0
Penghu_Sijiaoyu_5m_T2,0,0,0.007278869,0,1.944551909,0,0,0.058343564,0.68141392,3.419500654,0.138980207,0.482261766,0.015109702,0,0.015533024,0,0.542768588,0,0.143969365,0,0,0.017898105,0,0.055229634,11.00501006,0.041345694,0
Penghu_Sijiaoyu_5m_T3,0,0,0,0.015052477,1.821402017,0,0,0.131679277,0.302072461,2.83902542,0.18260244,0.1611641,0.037145643,0,0.019886179,0,0.468909145,0,0.023316444,0,0,0.030640489,0,0.064633873,9.501526465,0.085629989,0
Penghu_Sijiaoyu_5m_T4,0,0,0.008870914,0.017505839,1.840737843,0,0,0.184903096,0.545134223,3.821290534,0.087673816,0.362493718,0.030834458,0,0.002213846,0,0.642545616,0,0.005867454,0,0,0.028527408,0,0.086901341,10.3072784,0.036989853,0
Penghu_Sijiaoyu_5m_T5,0,0.011434846,0.029065241,0.001993167,1.826441471,0,0,0.100882685,0.951577354,4.706079296,0.118207622,0.429947844,0.059762316,0,0,0,0.467365558,0,0.042672179,0.014019294,0,0.324527169,0.037896946,0,10.36135284,0,0
Penghu_TiezhenyuNorth_5m_T1,0,0,0,0.002017325,2.451279451,0,0,0.184163376,0.00470035,1.847653216,0.023272768,0.039802485,0.030013759,0,0,0,0.111638908,0,0,0,0,0.006378405,0,0,11.66303022,0.015428441,0
Penghu_TiezhenyuNorth_5m_T2,0,0,0,0.036668072,2.435690271,0.035101878,0.166470217,0.217748725,0,1.56679016,0,0.399581713,0.505756644,0,0.011245256,0.004282736,0.644828336,0,0.033731934,0,0,0.022397947,0,0.088364446,12.9282161,0.036943412,0
Penghu_TiezhenyuNorth_5m_T3,0,0,0.035291653,0,2.39578833,0,0.036359391,0.20222675,0.003998114,1.460853023,0,0.167563488,0.907349085,0,0.025902843,0,0.913342946,0,0.040580413,0,0,0,0,0,9.635141546,0,0
Penghu_TiezhenyuNorth_5m_T4,0,0,0.034020164,0,1.890567,0,0,0.340838216,0,1.986923863,0.014435527,0.35912899,1.044983677,0,0.035026039,0,0.37550582,0,0,0,0,0.000748445,0,0.004216906,8.702751787,0.012307,0
Penghu_TiezhenyuNorth_5m_T5,0,0,0.001436478,0,1.946876239,0,0.077873085,0.225649242,0.075792633,2.211174359,0.011735198,0.090245289,0.257847723,0,0.076274984,0,1.271857839,0,0.049834013,0,0,0.074017757,0,0.067419345,10.00046547,0,0
Penghu_Tongpanyu_10m_T1,0,0,0,0.033226118,1.627884825,0,0,0,0.188987593,2.003614141,0.022762555,0.527019024,0,0,0.006885484,0,0.047177504,0,0.004887595,0,0,0.070172127,0.080408553,0.088045616,8.145255037,1.670652103,0.104699641
Penghu_Tongpanyu_10m_T2,0,0.001620913,0,0.011969807,1.914344249,0,0,0.043530974,0.268291721,1.463993115,0.012979878,0.213871638,0.028933589,0,0.074552188,0,0.160648537,0,0.000766228,0,0,0.111241045,0.089139239,0.096801083,8.709912469,1.404691423,0.081606327
Penghu_Tongpanyu_10m_T3,0,0,0.034926086,0,2.186306338,0,0,0.05813838,0.142464971,1.935471237,0.031880118,0.154706086,0,0,0,0,0.228989558,0,0,0,0,0.047327635,0,0.026655709,10.26453448,0.553269983,0.049152939
Penghu_Tongpanyu_10m_T4,0,0.005605963,0,0.005278722,3.087894311,0,0,0.073500701,0.275988778,1.533653129,0.061686753,0.163279396,0.022291429,0,0.029279615,0.019871952,0.176688338,0,0,0,0,0.197039637,0.000949647,0.03836644,11.40250095,0.101103911,0
Penghu_Tongpanyu_10m_T5,0,0.00230336,0,0.00411851,2.918921412,0,0,0.106784374,0.803041439,3.103263598,0.1086031,0.787023372,0.005406212,0,0.044747694,0.007830725,0.397652424,0,0,0,0,0.163967963,0.047129246,0.005961377,9.053015059,1.080990445,0.04225036
Penghu_Xiaomenyu_5m_T1,0,0,0,0.004686802,2.793082961,0,0.010498002,0.27860349,0.467684116,4.984156648,0.353956963,0.299174681,0.371098136,0,0.006605881,0,0.412058039,0,0,0,0,0.020468145,0,0,9.832141644,0.062155187,0.024385162
Penghu_Xiaomenyu_5m_T2,0,0,0.034990669,0.012535851,2.369171261,0,0.096901837,0.276787242,0.108488333,5.342545671,0.453704716,0.278670688,0.165970487,0,0.01517632,0.035933663,0.123480425,0,0,0,0,0.011026029,0,0.056209899,10.30223719,0.043378827,0.040865738
Penghu_Xiaomenyu_5m_T3,0,0,0,0,2.809537753,0.001245581,0,0.17755283,0.065206241,5.624782503,0.338008078,0.201923341,0.086130859,0,0,0,0.476757634,0,0,0,0,0,0,0.008523338,10.24831844,0.028088486,0.011358657
Penghu_Xiaomenyu_5m_T4,0,0.011038931,0,0.008525356,3.165600298,0,0,0.215122301,0.142348279,5.105982826,0.098432082,0.175946251,0.030218205,0,0,0.003407847,0.580899234,0,0.004416425,0,0,0,0,0.023112961,10.54342956,0.038031319,0.058160975
Penghu_Xiaomenyu_5m_T5,0,0,0,0.007548957,3.365023209,0,0,0.20545214,0.130195541,4.003948088,0.216333523,0.086276273,0.201217908,0,0,0.005837814,0.429988601,0,0,0,0,0,0,0.055911714,9.835646916,0.092035661,0.02677215
Xiaoliuqiu_Dafu_10m_T1,0,0.28501165,0.064985076,0.014886723,3.027152493,0,0,0.029077081,0,2.100573535,0.013671473,0.007513884,0.043213077,0,0.010551974,0,0.054679622,0,0,0,0,0.0141169,0,0.016362712,12.66583589,0,0
Xiaoliuqiu_Dafu_10m_T2,0,0.237452208,0.04219214,0.019473584,3.089212066,0,0,0,0.026536451,2.444234706,0.144183017,0.08660757,0,0,0,0.001918453,0.262388382,0,0,0,0,0,0,0.061615433,12.07951344,0,0
Xiaoliuqiu_Dafu_10m_T3,0,0.007732677,0.057706708,0.006626129,2.629252912,0,0,0.025853403,0,3.225855524,0.003736531,0.013729363,0.034921452,0,0.001661856,0,0.082949228,0,0,0,0,0.033325175,0,0.104767741,12.27190444,0,0
Xiaoliuqiu_Dafu_10m_T4,0,0.317351107,0.020477799,0.0762785,2.19330778,0,0,0.093044459,0,1.526569587,0.148067735,0.033111516,0,0.005477021,0.035698341,0,0.060365775,0,0,0,0,0.016623939,0,0.04258906,13.81207777,0,0
Xiaoliuqiu_Dafu_10m_T5,0,0.361083292,0.056524104,0.14451208,2.06627257,0,0,0,0,1.905537101,0.059608841,0.040086603,0.006101167,0,0,0,0.067814375,0,0,0,0,0.01259498,0,0.118320113,14.40497405,0,0
Xiaoliuqiu_Duziping_10m_T1,0,0.145804591,0.05822027,0,1.82603226,0,0,1.579591606,0,2.934649586,0.036673849,0.621109801,0.010519437,0,0,0,0.0325547,0,0,0,0,0,0,0.033057447,11.71790913,0.001880125,0
Xiaoliuqiu_Duziping_10m_T2,0,0.124908039,0.080270331,0.00798268,2.147369277,0,0,0.295602234,0.085967654,2.484831955,0.083374302,0.10831562,0.122632519,0,0,0.017794432,0.114908418,0,0,0,0,0,0,0.022378997,12.45708931,0.009155165,0
Xiaoliuqiu_Duziping_10m_T3,0,0.046787635,0.012849428,0.008407351,1.92774696,0,0,0.830094616,0,2.585049252,0.018273962,0.543644064,0.012906695,0,0,0,0.036933033,0,0,0,0,0,0,0.044581226,12.11492007,0.010599062,0
Xiaoliuqiu_Duziping_10m_T4,0,0.240037673,0.110738817,0.01006489,2.02969863,0,0,0.782795421,0.006663387,2.755376392,0.097359387,0.356190367,0,0.007738622,0,0,0.071522208,0,0.00408253,0,0,0,0,0.030626398,12.2056919,0,0
Xiaoliuqiu_Duziping_10m_T5,0,0.069441805,0.018873385,0.007212125,2.113621432,0,0,1.522414028,0.008928157,2.088454507,0.004155406,0.260502179,0.057394191,0,0,0,0,0,0,0,0,0.00304044,0,0.017458078,11.8021721,0,0
Xiaoliuqiu_Houshi_10m_T1,0,0.171894394,1.093405726,0.010277536,3.371264533,0,0,0.027788207,0,0.446746166,0,0,0.139017808,0,0.003004353,0,0,0,0,0,0,0,0,0.039925689,13.22752526,0,0
Xiaoliuqiu_Houshi_10m_T2,0,0.246115648,1.089843157,0,2.857911462,0.010439245,0,0.110152316,0,0.76370511,0.001205749,0.031106492,0,0,0.038996873,0,0.016905574,0,0.024193859,0.062540458,0,0,0,0.039021321,12.19935567,0,0
Xiaoliuqiu_Houshi_10m_T3,0,0.648425535,0.239197547,0.01559571,2.738142102,0.007260923,0,0.013020152,0,0.734588412,0,0.190844181,0,0,0.047280007,0,0.177249426,0,0.025466871,0.005872411,0,0.076245995,0,0.021067445,12.94331083,0,0
Xiaoliuqiu_Houshi_10m_T4,0,0.388220734,0.755885562,0.003767672,2.559966194,0,0,0.040795122,0,0.751102795,0,0.007317731,0,0.040723508,0.017311358,0,0.111719483,0,0,0,0,0,0,0.043187596,12.67202082,0,0
Xiaoliuqiu_Houshi_10m_T5,0,0.343164522,0.417620026,0.016170877,2.659001356,0,0,0.146867451,0,0.422199024,0,0.003054124,0,0,0,0,0.043342959,0,0,0,0,0.009495693,0,0.03383513,14.19406227,0,0
Xiaoliuqiu_Huapingyan_10m_T1,0,0.010533546,0.078724126,0.011914663,1.903821394,0,0,0.006957418,0,0.950822631,0,0.05335959,0.027114644,0,0.003502789,0,0.032012531,0,0.002293489,0,0,0.027450431,0,0,13.42455866,0,0
Xiaoliuqiu_Huapingyan_10m_T2,0,0.038953608,0,0.037564866,1.878404175,0,0,0.053383951,0,1.298969029,0,0.108979226,0,0,0,0,0.019877581,0,0.001392159,0,0,0,0,0.00339612,14.00949364,0.013687945,0
Xiaoliuqiu_Huapingyan_10m_T3,0,0.097519339,0.045182608,0.001724254,2.08878061,0.017021558,0,0.046392617,0,1.447877556,0,0.023209575,0.035960561,0,0,0,0.09843533,0,0,0,0,0.001709252,0,0.027749168,14.21634249,0,0
Xiaoliuqiu_Huapingyan_10m_T4,0,0.0451282,0.003625501,0.075909967,2.363346506,0.00111559,0,0.159807376,0,0.692701244,0,0.057254291,0.03252559,0,0,0,0.137085948,0,0,0,0,0,0,0.017298561,14.11523593,0,0
Xiaoliuqiu_Huapingyan_10m_T5,0,0.082291559,0.00614506,0,3.489298377,0.005063963,0,0.146922869,0,1.15951132,0,0.04982452,0.025836083,0,0.004184562,0,0.199454127,0,0,0,0,0.03693128,0,0.035795566,12.26885745,0,0
Xiaoliuqiu_Longxiadong_10m_T1,0,0.252053115,0.212515762,0.018394706,1.421661994,0,0,0,0,0.630878768,0,0.067411387,0.017552068,0,0.023028934,0,0.091641212,0,0,0,0,0.011757595,0,0.001267678,15.14210853,0,0
Xiaoliuqiu_Longxiadong_10m_T2,0,0.091504382,0.424362352,0.041362779,1.927101316,0.002278679,0,0.036740264,0.008036603,1.404228404,0.005116469,0.101796047,0,0,0,0,0.036592799,0,0,0,0,0,0,0,14.7433682,0,0
Xiaoliuqiu_Longxiadong_10m_T3,0,0.151702169,0.210630743,0.133352187,1.982992114,0.018462427,0,0,0.030569078,1.35942387,0.025016628,0.22198016,0.044572494,0,0.027538648,0.038477882,0.678800099,0,0.009220484,0,0,0,0,0,13.53509718,0,0
Xiaoliuqiu_Longxiadong_10m_T4,0,0.2203768,0.152424569,0.04263104,2.255293678,0.028760922,0,0.073496764,0,1.32439974,0.039173664,0.057806123,0,0,0.001475534,0,0.272062893,0,0,0,0,0,0,0.035469484,13.85404477,0,0
Xiaoliuqiu_Longxiadong_10m_T5,0,0.245450491,0.265433584,0.142912944,2.228255672,0.004831643,0,0.213334882,0,1.038945944,0.009804244,0.101066371,0.009690768,0,0.16169492,0.09099246,0.85905946,0,0.064111249,0.009121556,0,0,0,0,13.12926837,0,0
Xiaoliuqiu_Meirendong_10m_T1,0,0.096773312,0.008707591,0.030348967,2.893751007,0,0,0.192874201,0,0.973976883,0.005365304,0.129275259,0.108941931,0,0,0,0.061562085,0,0,0,0,0,0,0.127131009,10.5883087,0,0
Xiaoliuqiu_Meirendong_10m_T2,0,0.236516917,0.048690817,0.04481392,2.698291325,0,0,0.045008398,0,1.225217264,0,0.002390019,0,0,0,0,0.08764173,0,0.035730847,0,0,0,0,0.158231592,12.91223597,0,0
Xiaoliuqiu_Meirendong_10m_T3,0,0.150400098,0.03552316,0.006129574,3.263935059,0,0,0.637885671,0.024880826,2.601935137,0.083078892,0.308291383,0.072975338,0,0,0,0.167316047,0,0,0,0,0.022428948,0,0.097466715,10.74834455,0,0
Xiaoliuqiu_Meirendong_10m_T4,0,0.267012673,0.094949853,0.068641878,3.345197449,0,0,0.672140443,0.041670088,2.839031905,0.067831335,0.500337725,0.47911763,0,0.004022513,0,0.360446693,0,0.036507581,0,0,0,0,0.051488913,9.643513602,0,0
Xiaoliuqiu_Meirendong_10m_T5,0,0.417782862,0.058246402,0.058592855,3.218720155,0.004794837,0,0.123414712,0,3.006146921,0.007968612,0.38142233,0.017291614,0,0,0.007523035,0.085074819,0,0.011587282,0,0,0.010937105,0,0.151024868,9.408722305,0,0
Xiaoliuqiu_Shanfu_10m_T1,0,0.138248327,0.09825649,0.004303201,2.205840692,0,0,0.046013996,0,2.15318545,0,0.472748672,0.01522461,0,0,0,0.143545969,0,0.028960035,0,0,0.079736793,0.000747554,0.008335476,13.07249076,0,0
Xiaoliuqiu_Shanfu_10m_T2,0,0.235337927,0.025723509,0.059897777,2.24742117,0,0,0.2804508,0,2.496086562,0.029138828,0.248696617,0,0,0,0,0.078230616,0,0.032169237,0,0,0,0,0.047162422,12.0840628,0,0.005277737
Xiaoliuqiu_Shanfu_10m_T3,0,0.095391299,0.015390811,0,3.556496463,0.075071457,0.018700829,0.933757292,0.018892001,3.456526069,0,0.619424441,0,0,0,0,0.231089558,0,0.055420865,0,0,0.025453401,0,0.052732948,8.608663925,0.005225541,0
Xiaoliuqiu_Shanfu_10m_T4,0,0.141366324,0.00691361,0.004463983,2.402744093,0.041914122,0,0.608257677,0.014559447,3.068408528,0,0.246345145,0.009694499,0,0,0,0.008897709,0,0.018052651,0,0,0.000615118,0,0.029221282,10.72311904,0,0
Xiaoliuqiu_Shanfu_10m_T5,0,0.321221122,0.072982061,0.013608627,3.115238649,0.037671565,0,0.320506114,0.004536037,2.888295968,0.03885354,0.534735292,0.003192519,0,0,0,0.309558196,0,0.033365754,0,0,0.074510021,0.005214331,0.044887726,9.777720618,0,0
Xiaoliuqiu_Wuguidong_10m_T1,0,0.764194027,0.035648614,0.031127505,1.628902756,0.002511794,0,0.363852781,0,1.064259964,0.009458698,0.232942313,0,0,0.008663153,0,0,0,0,0,0,0.001504596,0,0.013872568,11.84848751,0,0
Xiaoliuqiu_Wuguidong_10m_T2,0,0.367104824,0.025309092,0.053466662,1.874834273,0.07248697,0,0.224426958,0,1.982459252,0.031689179,0.347519863,0.049422506,0,0.057559163,0,0.203509857,0,0.033821024,0,0,0,0,0.008287702,11.64953686,0,0
Xiaoliuqiu_Wuguidong_10m_T3,0,0.342495317,0.028066156,0.007627737,1.489421455,0.066462479,0,0.161985994,0.008043153,1.150828643,0.032068078,0.208118816,0.108184673,0,0.033010182,0,0.008653406,0,0,0,0,0.006677007,0,0.01311473,12.15407775,0,0
Xiaoliuqiu_Wuguidong_10m_T4,0,0.396254751,0,0.034482573,1.65834954,0.009879375,0,0.129219851,0.01144144,1.837147562,0.019345028,0.393963193,0.028048659,0,0,0,0.041771057,0,0.003532098,0,0,0,0,0.008541298,13.3802577,0,0
Xiaoliuqiu_Wuguidong_10m_T5,0,0.303713206,0.032194532,0.013228595,1.968360066,0.022261475,0,0.549772151,0,1.735100279,0.027768674,0.252393656,0.142942706,0,0.02471695,0.006684858,0.129897236,0,0.031295778,0.178932535,0,0,0,0.0096289,12.88241107,0,0
Xiaoliuqiu_ZhongaoBeach_5m_T1,0,0.001494935,0.035701073,0,1.319371697,0.002129898,0,0.220529259,0,0.676353048,0.014538346,0.466336741,0,0,0,0.001063113,0,0,0.293205309,0,0,0,0,0.016507062,7.09892429,0,0
Xiaoliuqiu_ZhongaoBeach_5m_T2,0,0.071868564,0.017044906,0,1.182436773,0,0,0,0,0.290886412,0.007899866,0.012866444,0,0,0,0,0.260801497,0,0.009527521,0,0,0,0,0,5.712664482,0,0
Xiaoliuqiu_ZhongaoBeach_5m_T3,0,0.087786847,0.007775983,0,1.358733199,0.005127816,0,0,0,0.722391997,0,0.193738103,0.293562765,0,0,0.05437374,0.287742861,0,0,0.016173317,0,0,0,0.008408987,9.769801831,0,0
Xiaoliuqiu_ZhongaoBeach_5m_T4,0,0.112101023,0.018759747,0,2.227336376,0,0,0.046731989,0,0.920820073,0,0.813799358,0.063821911,0,0,0,0,0,0.073489123,0,0,0,0,0.049834312,10.0968372,0,0
Xiaoliuqiu_ZhongaoBeach_5m_T5,0,0,0.010511664,0,1.592579475,0.010842121,0.132142215,0.166361464,0,0.139224534,0,0.062461529,0.159646581,0,0,0,0.005202639,0,0,0,0,0,0,0.01555322,7.325493972,0,0
